규격정제,No,접수일자,접수번호,상태,상호,담당자,사용자,제품명,모델ㆍ규격,수입국,연간수입예정량,HSK No,구분,사용여부,대리인,저장일자,소속,등록(등록),등록(면제),기존(등록),기존(면제),신규(등록),신규(면제),유독물질,허가물질,제한물질,금지물질,사고대비물질,유독물질,허가물질,제한물질,금지물질,사고대비물질
241-005-0087,4,2024-02-19,42402150082,승인,영인과학(주),최윤형,한주현,Helium Carrier Gas Cartridges 99.5% - 5 Pack 13L,"241-005-0087, 99.5% 13L 5pack",United States,10,2804.29-1000,WEB,Y,,2024-02-15,,,,O,,,,,,,,,,,,,
431-021-0006,5,2024-02-19,42402150075,승인,영인과학(주),최윤형,한주현,Helium Carrier Gas Cartridge 99.5% - Each 13L,"431-021-0006, 99.5% 13L",United States,15,2804.29-1000,WEB,Y,,2024-02-15,,,,O,,,,,,,,,,,,,
241-005-0110,6,2024-02-07,42402070167,승인,영인과학(주),최윤형,한주현,Methanol,"Sample Prep Kit, 241-005-0110, 20ample 2ml",United States,1,2903.12-0000,WEB,Y,,2024-02-07,,,,O,,,,O,,,,O,,,,,
241-005-0110,7,2024-02-06,42402060084,승인,영인과학(주),최윤형,한주현,Methanol,"Sample Prep Kit, 241-005-0110, 20ample 2ml",United States,1,2903.12-0000,WEB,Y,,2024-02-06,,,,O,,,,O,,,,O,,,,,
CTRCPE,9,2022-03-08,42203070086,승인,영인과학(주),민준희,한주현,CPE - Internal Control (Ref CTRCPE),4 x 160 μL,Italy,0.192,3002.90-1000,WEB,Y,,2022-03-07,,,,,O,,,,,,,,,,,,
ABXDifftrol,10,2021-12-02,42112020114,승인,영인과학(주),민준희,한주현,ABX Difftrol,ABX Difftrol,France,2,3002.90-1000,WEB,Y,,2021-12-02,,,,,O,,,,,,,,,,,,
PY1-4940,11,2021-12-01,42112010346,승인,영인과학(주),이혜민,한주현,MPs-CaCO3,"PY1-4940, MPs-CaCO3 (1 g), Diluent CaCO3 (3 g)",Japan,1,2836.50-0000,WEB,Y,,2021-12-01,,,,O,,,,,,,,,,,,,
PY1-4940,12,2021-12-01,42112010348,승인,영인과학(주),이혜민,한주현,MPs-SiO2,"PY1-4940, MPs-SiO2 (1 g), Diluent SiO2 (3 g)",Japan,1,2811.22-0000,WEB,Y,,2021-12-01,,,,O,,,,,,,,,,,,,
PY1-4908,13,2021-11-24,42111240139,승인,영인과학(주),이혜민,한주현,"(polystyrene solution for pyrolyzer performance check,P/N: PY1-4908)","PY1-4908, Polystyrene 2.5mg film, Me-stearate 5 wt% , in 2ml glass bottle.",Japan,0.1,3903.90-1000,WEB,Y,,2021-11-24,,,,O,,,,,,,,,,,,,
9506,17,2021-11-12,42111120012,승인,영인과학(주),민준희,한주현,"Matrix Plus Chemistry Reference, Level F; Product No. 9506","Matrix Plus Chemistry Reference, Level F (1 X 15 mL)",United States,1.5,3002.90-1000,WEB,Y,,2021-11-12,,,,,O,,,,,,,,,,,,
9556,18,2021-11-12,42111120015,승인,영인과학(주),민준희,한주현,"Matrix Plus Cholesterol Reference, Level F; Product No. 9556","Matrix Plus Cholesterol Reference, Level F (1 X 15 mL)",United States,1.5,3002.90-1000,WEB,Y,,2021-11-12,,,,,O,,,,,,,,,,,,
9500,19,2021-11-12,42111120011,승인,영인과학(주),민준희,한주현,Matrix Plus Chemistry Reference; Product No. 9500,Matrix Plus Chemistry Reference (5 X 15 mL),United States,1.5,3002.90-1000,WEB,Y,,2021-11-12,,,,,O,,,,,,,,,,,,
9670,20,2021-11-12,42111120019,승인,영인과학(주),민준희,한주현,Ethanol Standard; Product No. 9670,Ethanol Standard (6 X 5 mL),United States,1.5,3002.90-1000,WEB,Y,,2021-11-12,,,,,O,,,,,,,,,,,,
9560,21,2021-11-12,42111120018,승인,영인과학(주),민준희,한주현,HDL Cholesterol Verifier; Product No. 9560,HDL Cholesterol Verifier (6 X 5 mL),United States,1.5,3002.90-1000,WEB,Y,,2021-11-12,,,,,O,,,,,,,,,,,,
9550,22,2021-11-12,42111120013,승인,영인과학(주),민준희,한주현,Matrix Plus Cholesterol Reference; Product No. 9550,Matrix Plus Cholesterol Reference (5 X 15 mL),United States,1.5,3002.90-1000,WEB,Y,,2021-11-12,,,,,O,,,,,,,,,,,,
9459,23,2021-11-12,42111120007,승인,영인과학(주),민준희,한주현,BR2 Bilirubin Calibrator; Product No. 9459,BR2 Bilirubin Calibrator (2 X 5 mL),United States,1.5,3002.90-1000,WEB,Y,,2021-11-12,,,,,O,,,,,,,,,,,,
9460,24,2021-11-12,42111120008,승인,영인과학(주),민준희,한주현,Total Protein / Albumin Standard; Product No. 9460,Total Protein / Albumin Standard (5 X 15 mL),United States,1.5,3002.90-1000,WEB,Y,,2021-11-12,,,,,O,,,,,,,,,,,,
9466,25,2021-11-12,42111120009,승인,영인과학(주),민준희,한주현,"Total Protein / Albumin Standard, Level F; Product No. 9466","Total Protein / Albumin Standard, Level F (1 X 15 mL)",United States,1.5,3002.90-1000,WEB,Y,,2021-11-12,,,,,O,,,,,,,,,,,,
9480,26,2021-11-12,42111120010,승인,영인과학(주),민준희,한주현,Microprotein Standard; Product No. 9480,Microprotein Standard (5 X 15 mL),United States,1.5,3002.90-1000,WEB,Y,,2021-11-12,,,,,O,,,,,,,,,,,,
9450,27,2021-11-12,42111120004,승인,영인과학(주),민준희,한주현,Bilirubin Standard; Product No. 9450,Bilirubin Standard (10 X 5 mL),United States,1.5,3002.90-1000,WEB,Y,,2021-11-12,,,,,O,,,,,,,,,,,,
9456,28,2021-11-12,42111120005,승인,영인과학(주),민준희,한주현,Tru-Zero Bilirubin; Product No. 9456,Tru-Zero Bilirubin (2 X 5 mL),United States,1.5,3002.90-1000,WEB,Y,,2021-11-12,,,,,O,,,,,,,,,,,,
9020,29,2021-11-11,42111110440,승인,영인과학(주),민준희,한주현,"Urine Uric Acid Standard, Product No. 9020",Urine Uric Acid Standard (5 X 5 mL),United States,1.5,3002.90-1000,WEB,Y,,2021-11-11,,,,,O,,,,,,,,,,,,
9216,30,2021-11-11,42111110447,승인,영인과학(주),민준희,한주현,"Carbon Dioxide Standard, Level F; Product No. 9216","Carbon Dioxide Standard, Level F (1 X 15 mL)",United States,1.5,3002.90-1000,WEB,Y,,2021-11-11,,,,,O,,,,,,,,,,,,
9240,31,2021-11-11,42111110448,승인,영인과학(주),민준희,한주현,Serum ISE Standard; Product No. 9240,Serum ISE Standard (5 X 15 mL),United States,1.5,3002.90-1000,WEB,Y,,2021-11-11,,,,,O,,,,,,,,,,,,
9040,32,2021-11-11,42111110442,승인,영인과학(주),윤수린,한주현,"Ammonia / Iron Standard, Product No. 9040",Ammonia / Iron Standard (5 X 15 mL),United States,1.5,3002.90-1000,WEB,Y,,2021-11-11,,,,,O,,,,,,,,,,,,
9410,33,2021-11-11,42111110449,승인,영인과학(주),민준희,한주현,Enzyme ER Verifier; Product No. 9410,Enzyme ER Verifier (6 X 5 mL),United States,1.5,3002.90-1000,WEB,Y,,2021-11-11,,,,,O,,,,,,,,,,,,
9000,34,2021-11-11,42111110437,승인,영인과학(주),민준희,한주현,"Urine Chemistry Standard, Product No. 9000",Urine Chemistry Standard (5x15mL),United States,1.5,3002.90-1000,WEB,Y,,2021-11-11,,,,,O,,,,,,,,,,,,
9436,35,2021-11-11,42111110451,승인,영인과학(주),민준희,한주현,"Bilirubin Standard, Level F; Product No. 9436","Bilirubin Standard, Level F (2 X 5 mL)",United States,1.5,3002.90-1000,WEB,Y,,2021-11-11,,,,,O,,,,,,,,,,,,
9210,36,2021-11-11,42111110446,승인,영인과학(주),민준희,한주현,Carbon Dioxide Standard Product No. 9210,Carbon Dioxide Standard (5 X 15 mL),United States,1.5,3002.90-1000,WEB,Y,,2021-11-11,,,,,O,,,,,,,,,,,,
9200,37,2021-11-11,42111110445,승인,영인과학(주),민준희,한주현,Electrolyte Standard Product No. 9200,Electrolyte Standard (5 X 15 mL),United States,1.5,3002.90-1000,WEB,Y,,2021-11-11,,,,,O,,,,,,,,,,,,
9046,38,2021-11-11,42111110443,승인,영인과학(주),민준희,한주현,"Ammonia / Iron Standard, Level F Product No. 9046","Ammonia / Iron Standard, Level F (1 X 15 mL)",United States,1.5,3002.90-1000,WEB,Y,,2021-11-11,,,,,O,,,,,,,,,,,,
9417,39,2021-11-11,42111110450,승인,영인과학(주),민준희,한주현,"Enzyme ER Verifier, Level G; Product No. 9417","Enzyme ER Verifier, Level G (1 X 5 mL)",United States,1.5,3002.90-1000,WEB,Y,,2021-11-11,,,,,O,,,,,,,,,,,,
VUV-000165,41,2020-01-29,42001280402,승인,영인과학(주),이혜민,한주현,Carbon Disulfide Standard,VUV-000165 VUV ILS CARBON DISULFIDE IN METHANOL STANDARD 1x2 ml ampoule of Carbon Disulfide in Methanol,United States,0.001,3822.00-3048,WEB,Y,,2020-01-28,,,,,,,,O,,,,O,,,,,
VUV-000067,42,2020-01-29,42001280397,승인,영인과학(주),이혜민,한주현,DRO/ORO Range Calibration Standard,VUV-000067 DRO/ORO Range Calibration Standard,United States,0.001,2903.12-0000,WEB,Y,,2020-01-28,,,,,,,,O,,,,,,,,,
20001.421,43,2019-04-22,41904170137,승인,영인과학(주),한주현,,Sample Box n-Paraffin mix D6729 (5pcs),20001.421 Sample Box n-Paraffin mix D6729 (5pcs),Netherlands,1.111,3822.00-3048,WEB,Y,,2019-04-17,,,,,,,,,,,,,,,,,
E80-0001-010,44,2018-10-22,41810220199,승인,영인과학(주),오하은,한주현,Carbon Disulfide Standard,E80-0001-010 Carbon Disulfide Standard,United States,0.001,2903.12-0000,WEB,Y,,2018-10-22,,,,O,,,,O,,,,O,,,,,
E80-0001-010,45,2018-10-22,41810220180,승인,영인과학(주),오하은,한주현,DRO/ORO Range Calibration Standard,E80-0001-010 DRO/ORO Range Calibration Standard,United States,0.001,2903.12-0000,WEB,Y,,2018-10-22,,,,O,,,,,,,,,,,,,
VUVILS,46,2018-10-02,41810020329,승인,영인과학(주),오하은,한주현,CARBON DISULFIDE IN METHANOL STANDARD 1x2 ml ampoule of Carbon Disulfide in Methanol,VUV ILS CARBON DISULFIDE IN METHANOL STANDARD 1x2 ml ampoule of Carbon Disulfide in Methanol,United States,0.001,3822.00-3048,WEB,Y,,2018-10-02,,,,O,,,,O,,,,O,,,,,
E21-0242-010,47,2018-09-21,41809210266,승인,영인과학(주),오하은,한주현,1X1 ampoule containing custom DRO/ORO mixture combined and sealed with 1 ml of material inside a 2 ml ampoule,E21-0242-010 1X1 ampoule containing custom DRO/ORO mixture combined and sealed with 1 ml of material inside a 2 ml ampoule,United States,0.001,2903.12-0000,WEB,Y,,2018-09-21,,,,,O,,,,,,,,,,,,
20001.59,52,2018-06-18,41806180583,승인,영인과학(주),조금준,한주현,RFA Reference Sample,20001.590 RFA Reference Sample,Netherlands,1.111,3822.00-3048,WEB,Y,,2018-06-18,,,,,,,,,,,,,,,,,
20002.003,53,2018-06-18,41806180593,승인,영인과학(주),조금준,한주현,MIX SAMPLE BOX DHAX,20002.003 MIX SAMPLE BOX DHAX,Netherlands,1.111,3822.00-3048,WEB,Y,,2018-06-18,,,,,,,,,,,,,,,,,
20002.02,54,2018-06-18,41806180600,승인,영인과학(주),조금준,한주현,MIX SAMPLE BOX D6729,20002.020 MIX SAMPLE BOX D6729,Netherlands,1.111,3822.00-3048,WEB,Y,,2018-06-18,,,,,,,,,,,,,,,,,
20002.045,55,2018-06-06,41806060007,승인,영인과학(주),조금준,한주현,Mix Sample Box Simdis D7213,20002.045 Mix Sample Box Simdis D7213,Netherlands,1.111,3822.00-3048,WEB,Y,,2018-06-06,,,,,,,,,,,,,,,,,
20002.04,56,2018-06-06,41806060006,승인,영인과학(주),조금준,한주현,"Mix Sample Box 2, Reformulyzer","20002.040 Mix Sample Box 2, Reformulyzer",Netherlands,1.111,3822.00-3048,WEB,Y,,2018-06-06,,,,,O,,,O,,,,O,,,,,
20002.039,57,2018-06-05,41806050467,승인,영인과학(주),조금준,한주현,"Mix Sample Box 1, Reformulyzer, 4*1.5mL","20002.039 Mix Sample Box 1, Reformulyzer, 4*1.5mL",Netherlands,1.111,3822.00-3048,WEB,Y,,2018-06-05,,,,,,,,,,,,,,,,,O
PL2010-0102,58,2018-06-05,41806050458,승인,영인과학(주),최유식,한주현,Polystyrene Calibration kit S-M2-10,PL2010-0102 Polystyrene Calibration kit S-M2-10,United States,0.01,3822.00-3048,WEB,Y,,2018-06-05,,,,,,,,,,,,,O,,,,O
20002.002,59,2018-06-05,41806050384,승인,영인과학(주),조금준,한주현,Mix Sample Box I DHA (Combi),20002.002 Mix Sample Box I DHA (Combi),Netherlands,1.111,3822.00-3048,WEB,Y,,2018-06-05,,,,,,,,,,,,,O,,,,O
20001.655,60,2018-06-04,41806040608,승인,영인과학(주),조금준,한주현,SAMPLE BOX FOR SCS1 EN12916/IP391,20001.655 SAMPLE BOX FOR SCS1 EN12916/IP391,Netherlands,1.111,3822.00-3048,WEB,Y,,2018-06-04,,,,,O,,,O,,,,,O,,,,O
20001.652,61,2018-06-04,41806040507,승인,영인과학(주),조금준,한주현,"Sample Box, MDA Reference Gasoil (5pcs)","20001.652 Sample Box, MDA Reference Gasoil (5pcs)",Netherlands,1.111,3822.00-3048,WEB,Y,,2018-06-04,,,,,,,,,,,,,O,,,,O
20001.627,62,2018-05-24,41805240481,승인,영인과학(주),조금준,한주현,Sample Box ASTM D5134 Column Evaluation mix,20001.627 Sample Box ASTM D5134 Column Evaluation mix,Netherlands,1.111,3822.00-3048,WEB,Y,,2018-05-24,,,,,O,,,O,,,,O,O,,,,O
20001.57,63,2018-05-24,41805240434,승인,영인과학(주),조금준,한주현,SAMPLE BOX C6:0 - C24:1 EN14103,20001.570 SAMPLE BOX C6:0 - C24:1 EN14103,Netherlands,1.111,3822.00-3048,WEB,Y,,2018-05-24,,,,,O,,,O,,,,O,O,,,,O
20001.545,64,2018-05-24,41805240425,승인,영인과학(주),조금준,한주현,Sample Box QC Gasoline N,20001.545 Sample Box QC Gasoline N,Netherlands,1.111,3822.00-3048,WEB,Y,,2018-05-24,,,,,O,,,O,,,,O,O,,,,O
20001.544,65,2018-05-24,41805240420,승인,영인과학(주),조금준,한주현,Sample Box QC Gasoline M,20001.544 Sample Box QC Gasoline M,Netherlands,1.111,3822.00-3048,WEB,Y,,2018-05-24,,,,,O,,,O,,,,O,,,,,
20001.574,66,2018-05-24,41805240441,승인,영인과학(주),조금준,한주현,SAMPLE BOX STANDARD GLYCERIDES EN14105:2011,20001.574 SAMPLE BOX STANDARD GLYCERIDES EN14105:2011,Netherlands,1.111,3822.00-3048,WEB,Y,,2018-05-24,,,,,,,,,,,,,,,,,O
20001.551,67,2018-05-24,41805240427,승인,영인과학(주),조금준,한주현,SAMPLE BOX CAL.SIMDIS D7213,20001.551 SAMPLE BOX CAL.SIMDIS D7213,Netherlands,1.111,3822.00-3048,WEB,Y,,2018-05-24,,,,,,,,,,,,,O,,,,O
20001.595,68,2018-05-24,41805240458,승인,영인과학(주),조금준,한주현,Sample Box ASTM D4815 Calibration set,20001.595 Sample Box ASTM D4815 Calibration set,Netherlands,1.111,3822.00-3048,WEB,Y,,2018-05-24,,,,,O,,,O,,,,,,,,,
20001.591,69,2018-05-24,41805240453,승인,영인과학(주),조금준,한주현,Sample Box Reference RF-C2 (5pcs),20001.591 Sample Box Reference RF-C2 (5pcs),Netherlands,1.111,3822.00-3048,WEB,Y,,2018-05-24,,,,,,,,,,,,,,,,,
20001.587,70,2018-05-24,41805240451,승인,영인과학(주),조금준,한주현,Sample Box QC-Standard Solution ISO 9377-2 (1ml),20001.587 Sample Box QC-Standard Solution ISO 9377-2 (1ml),Netherlands,1.111,3822.00-3048,WEB,Y,,2018-05-24,,,,,,,,,,,,,,,,,
20001.55,71,2018-05-24,41805240426,승인,영인과학(주),조금준,한주현,SAMPLE BOX CRUDE OIL ANALYZER,20001.550 SAMPLE BOX CRUDE OIL ANALYZER,Netherlands,1.111,3822.00-3048,WEB,Y,,2018-05-24,,,,,,,,,,,,,,,,,
20001.596,72,2018-05-24,41805240460,승인,영인과학(주),조금준,한주현,Sample Box ASTM D5580 Calibration and Valve set,20001.596 Sample Box ASTM D5580 Calibration and Valve set,Netherlands,1.111,3822.00-3048,WEB,Y,,2018-05-24,,,,,O,,,O,,,,O,,,,,
20001.564,73,2018-05-24,41805240430,승인,영인과학(주),조금준,한주현,Sample Box Monoglyceride ID sample EN14105 / ASTM D6584-10 (1ml),20001.564 Sample Box Monoglyceride ID sample EN14105 / ASTM D6584-10 (1ml),Netherlands,1.111,3822.00-3048,WEB,Y,,2018-05-24,,,,,,,,,,,,,O,,,,
20001.628,74,2018-05-24,41805240489,승인,영인과학(주),한주현,한주현,Sample Box ASTM D5134 Splitter linearity mix,20001.628 Sample Box ASTM D5134 Splitter linearity mix,Netherlands,1.111,3822.00-3048,WEB,Y,,2018-05-24,,,,,O,,,O,,,,O,O,,,,
20001.573,75,2018-05-24,41805240438,승인,영인과학(주),조금준,한주현,"SAMPLE BOX 1,2,4-BUTANETRIOL EN14105:2011","20001.573 SAMPLE BOX 1,2,4-BUTANETRIOL EN14105:2011",Netherlands,1.111,3822.00-3048,WEB,Y,,2018-05-24,,,,,,,,,,,,,,,,,
20001.572,76,2018-05-24,41805240437,승인,영인과학(주),조금준,한주현,SAMPLE BOX GLYCEROL EN14105:2011,20001.572 SAMPLE BOX GLYCEROL EN14105:2011,Netherlands,1.111,3822.00-3048,WEB,Y,,2018-05-24,,,,,,,,,,,,,,,,,
20001.571,77,2018-05-24,41805240435,승인,영인과학(주),조금준,한주현,SAMPLE BOX METHYLNONADECANOATE EN14103:2011,20001.571 SAMPLE BOX METHYLNONADECANOATE EN14103:2011,Netherlands,1.111,3822.00-3048,WEB,Y,,2018-05-24,,,,,,,,,,,,,,,,,
7020-A,78,2018-05-23,41805230383,승인,영인과학(주),한주현,한주현,Hydrochloric Acid Solution Instant FAME Reagent 3,"7020-A Instant FAME, 7020-M Instant FAME Refill",United States,3.569,8419.90-9090,WEB,Y,,2018-05-23,,,,,O,,,O,,,,O,,,,,
7020-A,79,2018-05-23,41805230360,승인,영인과학(주),한주현,한주현,Potassium Hydroxide Methanol Solution Instant FAME Reagent 1,"7020-A Instant FAME, 7020-M Instant FAME Refill",United States,3.569,8419.90-9090,WEB,Y,,2018-05-23,,,,,O,,,O,,,,O,,,,,
20001.543,80,2018-05-23,41805230563,승인,영인과학(주),조금준,한주현,Sample Box QC Gasoline L,20001.543 Sample Box QC Gasoline L,Netherlands,1.111,3822.00-3048,WEB,Y,,2018-05-23,,,,,O,,,O,,,,O,,,,,
20001.542,81,2018-05-23,41805230558,승인,영인과학(주),조금준,한주현,Sample Box QC Gasoline K,20001.542 Sample Box QC Gasoline K,Netherlands,1.111,3822.00-3048,WEB,Y,,2018-05-23,,,,,O,,,O,,,,O,O,,,,O
20001.123,82,2018-05-23,41805230425,승인,영인과학(주),조금준,한주현,Sample Box Boiling Point Calibration nC5-nC44 (5pcs),20001.123 Sample Box Boiling Point Calibration nC5-nC44 (5pcs),Netherlands,1.111,3822.00-3048,WEB,Y,,2018-05-23,,,,,,,,,,,,,,,,,O
20001.124,83,2018-05-23,41805230433,승인,영인과학(주),조금준,한주현,Sample box: Calibration Heavy Samples : SIMDIS High Temperature,20001.124 Sample box: Calibration Heavy Samples : SIMDIS High Temperature,Netherlands,1.111,3822.00-3048,WEB,Y,,2018-05-23,,,,,,,,,,,,,,,,,
20001.52,84,2018-05-23,41805230542,승인,영인과학(주),조금준,한주현,Calibration Sample (14 oxygenates),20001.520 Calibration Sample (14 oxygenates),Netherlands,1.111,3822.00-3048,WEB,Y,,2018-05-23,,,,,O,,,O,,,,O,O,,,,
20001.539,85,2018-05-23,41805230551,승인,영인과학(주),조금준,한주현,Sample Box QC FCC Naphtha (5pcs),20001.539 Sample Box QC FCC Naphtha (5pcs),Netherlands,1.111,3822.00-3048,WEB,Y,,2018-05-23,,,,,O,,,O,,,,O,,,,,
20001.089,86,2018-05-23,41805230404,승인,영인과학(주),조금준,한주현,Sample Box MSTFA 1ml (5pcs),20001.089 Sample Box MSTFA 1ml (5pcs),Netherlands,1.111,3822.00-3048,WEB,Y,,2018-05-23,,,,,,,,,,,,,,,,,
20001.31,87,2018-05-23,41805230482,승인,영인과학(주),조금준,한주현,Sample box Reference Lube Oil (5pcs),20001.310 Sample box Reference Lube Oil (5pcs),Netherlands,1.111,3822.00-3048,WEB,Y,,2018-05-23,,,,,,,,,,,,,,,,,
20001.132,88,2018-05-23,41805230445,승인,영인과학(주),조금준,한주현,"SAMPLE, QC REF SIMDIS 5010","20001.132 SAMPLE, QC REF SIMDIS 5010",Netherlands,1.111,3822.00-3048,WEB,Y,,2018-05-23,,,,,,,,,,,,,,,,,
20001.21,89,2018-05-23,41805230474,승인,영인과학(주),조금준,한주현,"Sample, Reference 140-400degr. C SD8634 (5 pcs)","20001.210 Sample, Reference 140-400degr. C SD8634 (5 pcs)",Netherlands,1.111,3822.00-3048,WEB,Y,,2018-05-23,,,,,,,,,,,,,,,,,
20001.166,90,2018-05-23,41805230464,승인,영인과학(주),조금준,한주현,Sample Box QC Alkylate (5pcs),20001.166 Sample Box QC Alkylate (5pcs),Netherlands,1.111,3822.00-3048,WEB,Y,,2018-05-23,,,,,,,,,,,,,,,,,
20001.125,91,2018-05-23,41805230437,승인,영인과학(주),조금준,한주현,Sample box: Calibration light Samples : SIMDIS High Temperature,20001.125 Sample box: Calibration light Samples : SIMDIS High Temperature,Netherlands,1.111,3822.00-3048,WEB,Y,,2018-05-23,,,,,,,,,,,,,,,,,
20001.091,92,2018-05-23,41805230411,승인,영인과학(주),조금준,한주현,SAMPLE BOX 2-PROPANOL EN14110,20001.091 SAMPLE BOX 2-PROPANOL EN14110,Netherlands,1.111,3822.00-3048,WEB,Y,,2018-05-23,,,,,,,,,,,,,O,,,,
20001.088,93,2018-05-23,41805230396,승인,영인과학(주),조금준,한주현,Sample Box Calibration Set EN14105 /ASTM D6584-10 (set 5x1ml / 2x5ml),20001.088 Sample Box Calibration Set EN14105 /ASTM D6584-10 (set 5x1ml / 2x5ml),Netherlands,1.111,3822.00-3048,WEB,Y,,2018-05-23,,,,,,,,,,,,,,,,,
20001.538,94,2018-05-23,41805230549,승인,영인과학(주),조금준,한주현,SAMPLE BOX REFORMATE,20001.538 SAMPLE BOX REFORMATE,Netherlands,1.111,3822.00-3048,WEB,Y,,2018-05-23,,,,,,,,,,,,,,,,,
20001.409,95,2018-05-23,41805230539,승인,영인과학(주),조금준,한주현,Sample Box QC Naphtha (5pcs),20001.409 Sample Box QC Naphtha (5pcs),Netherlands,1.111,3822.00-3048,WEB,Y,,2018-05-23,,,,,,,,,,,,,O,,,,
20001.537,96,2018-05-23,41805230545,승인,영인과학(주),조금준,한주현,Sample Box QC Reformer Feed (5pcs),20001.537 Sample Box QC Reformer Feed (5pcs),Netherlands,1.111,3822.00-3048,WEB,Y,,2018-05-23,,,,,,,,,,,,,,,,,
20001.309,97,2018-05-23,41805230481,승인,영인과학(주),조금준,한주현,"Sample, Graphimetric blend, SimDis HT (5 pcs)","20001.309 Sample, Graphimetric blend, SimDis HT (5 pcs)",Netherlands,1.111,3822.00-3048,WEB,Y,,2018-05-23,,,,,,,,,,,,,,,,,
20001.3,98,2018-05-23,41805230478,승인,영인과학(주),조금준,한주현,Sample Box QC Reformer Feed (5pcs),20001.300 Sample Box QC Reformer Feed (5pcs),Netherlands,1.111,3822.00-3048,WEB,Y,,2018-05-23,,,,,,,,,,,,,,,,,
20001.206,99,2018-05-23,41805230468,승인,영인과학(주),조금준,한주현,Sample Box n-Paraffin sample C5-C14 (5pcs),20001.206 Sample Box n-Paraffin sample C5-C14 (5pcs),Netherlands,1.111,3822.00-3048,WEB,Y,,2018-05-23,,,,,,,,,,,,,,,,,
20001.165,100,2018-05-23,41805230458,승인,영인과학(주),조금준,한주현,Sample Box QC Isomerate (5pcs),20001.165 Sample Box QC Isomerate (5pcs),Netherlands,1.111,3822.00-3048,WEB,Y,,2018-05-23,,,,,,,,,,,,,,,,,
20001.157,101,2018-05-23,41805230452,승인,영인과학(주),조금준,한주현,Sample Box QC Gravimetric Standard 512 (5pcs),20001.157 Sample Box QC Gravimetric Standard 512 (5pcs),Netherlands,1.111,3822.00-3048,WEB,Y,,2018-05-23,,,,,,,,,,,,,,,,,
20001.092,102,2018-05-23,41805230420,승인,영인과학(주),조금준,한주현,SAMPLE BOX METHANOL,20001.092 SAMPLE BOX METHANOL,Netherlands,1.111,3822.00-3048,WEB,Y,,2018-05-23,,,,,O,,,O,,,,O,,,,,
7020-A,103,2018-05-23,41805230377,승인,영인과학(주),한주현,한주현,Hexane Instant FAME Reagent 2,"7020-A Instant FAME, 7020-M Instant FAME Refill",United States,3.569,8419.90-9090,WEB,Y,,2018-05-23,,,,,,,,,,,,,,,,,
7020-A,104,2018-05-23,41805230302,승인,영인과학(주),한주현,한주현,Methanol Rinse IFAME/IAN/QFAME/EFAME Methods,"7020-A Instant FAME, 7020-M Instant FAME Refill",United States,3.569,8419.90-9090,WEB,Y,,2018-05-23,,,,,O,,,O,,,,O,,,,,
7020-A,105,2018-05-23,41805230296,승인,영인과학(주),한주현,한주현,Hexane Wash IFAME/IAN/QFAME/EFAME Methods,"7020-A Instant FAME, 7020-M Instant FAME Refill",United States,3.569,8419.90-9090,WEB,Y,,2018-05-23,,,,,,,,,,,,,,,,,
,108,2015-02-06,41502060301,승인,영인과학(주),송정화,,Specificity Set,,United States,5,3822.00-3048,DESK,,,2015-02-06,,,,,,,,O,,,,O,,,,,
,109,2015-02-06,41502060301,승인,영인과학(주),송정화,,Robustness Set,,United States,5,3822.00-3048,DESK,,,2015-02-06,,,,,,,,O,,,,,,,,,
,110,2015-02-06,41502060301,승인,영인과학(주),송정화,,Accuracy/Precision Set,,United States,5,3822.00-3048,DESK,,,2015-02-06,,,,,,,,,,,,,O,,,,
,111,2015-02-06,41502060301,승인,영인과학(주),송정화,,M9 / 900 Linearity Standard Set,,United States,5,3822.00-3048,DESK,,,2015-02-06,,,,,,,,,,,,,O,,,,O
,112,2015-02-06,41502060301,승인,영인과학(주),송정화,,"M-Series Single Pt Cal(1,5,10,25,50mg/l)",,United States,5,3822.00-3048,DESK,,,2015-02-06,,,,,,,,,,,,,,,,,
,113,2015-02-06,41502060301,승인,영인과학(주),송정화,,900 Multipoint Cal Standard Set,,United States,5,3822.00-3048,DESK,,,2015-02-06,,,,,,,,,,,,,,,,,
,114,2015-02-06,41502060301,승인,영인과학(주),송정화,,Phosphoric Acid 45%,,United States,5,2809.20-1090,DESK,,,2015-02-06,,,,,,,,,,,,,,,,,
,115,2015-02-06,41502060301,승인,영인과학(주),송정화,,Buffered Ammonium Persulfate Solution,,United States,5,2833.40-9000,DESK,,,2015-02-06,,,,,,,,,,,,,,,,,
,116,2013-12-16,41312160097,승인,영인과학(주),고유미,,"1PPM, 77 CMPD T015 STD, 6L",,United States,0.5,9027.90-9999,DESK,,,2013-12-16,,,,,,,,O,,,,O,,,,,
,117,2013-04-15,41304150273,승인,영인과학(주),이종국,,Phosphoric Acid,,United States,100,2809.20-1090,DESK,,,2013-04-15,,,,,,,,,,,,,,,,,
,118,2013-04-15,41304150273,승인,영인과학(주),이종국,,Buffered Ammonium Persulfate Solution,,United States,100,2833.40-9000,DESK,,,2013-04-15,,,,,,,,,,,,,,,,,
,119,2013-04-15,41304150273,승인,영인과학(주),이종국,,Boron Reagent,,United States,100,2833.40-9000,DESK,,,2013-04-15,,,,,,,,,,,,,,,,,
,120,2007-02-28,40702280447,승인,영인과학(주),최석환,,Calibration Standard Set,,United States,0.3,3822.00-3017,DESK,Y,,2007-02-28,,,,,,,,,,,,,,,,,
,121,2007-02-28,40702280447,승인,영인과학(주),최석환,,System Suitability Standard Set-400,,United States,0.27,3822.00-3017,DESK,Y,,2007-02-28,,,,,,,,,,,,,,,,,
,122,2007-02-28,40702280447,승인,영인과학(주),최석환,,900 Autoreagents Cal and Ver Set,,United States,2.56,3822.00-3017,DESK,Y,,2007-02-28,,,,,,,,,,,,,,,,,
,123,2007-02-28,40702280447,승인,영인과학(주),최석환,,"900 1mg/L Cal, 500 ug/L Ver",,United States,2.16,3822.00-3017,DESK,Y,,2007-02-28,,,,,,,,,,,,,,,,,
,124,2007-02-28,40702280447,승인,영인과학(주),최석환,,900 validation set with calibration and verification,,United States,2.88,3822.00-3017,DESK,Y,,2007-02-28,,,,,,,,,,,,,,,,,
,125,2007-02-28,40702280447,승인,영인과학(주),최석환,,"900 Sgl Pt Cal & Ver Set, 1 mg/L",,United States,0.36,3822.00-3017,DESK,Y,,2007-02-28,,,,,,,,,,,,,,,,,
,126,2007-02-28,40702280447,승인,영인과학(주),최석환,,Validation Set for 500RL Std IOS,,United States,3.36,3822.00-3017,DESK,Y,,2007-02-28,,,,,,,,,,,,,,,,,
,127,2007-02-28,40702280447,승인,영인과학(주),최석환,,"800 System Suitability Set, AS",,United States,0.12,3822.00-3017,DESK,Y,,2007-02-28,,,,,,,,,,,,,O,,,,O
,128,2007-02-28,40702280447,승인,영인과학(주),최석환,,400 System Suitability Set,,United States,0.27,3822.00-3017,DESK,Y,,2007-02-28,,,,,,,,,,,,,O,,,,
,129,2007-02-28,40702280447,승인,영인과학(주),최석환,,"800 Cal Standards Set, Grab Mode",,United States,1.92,3822.00-3017,DESK,Y,,2007-02-28,,,,,,,,,,,,,O,,,,
,130,2007-02-28,40702280447,승인,영인과학(주),최석환,,400 Standard Solution-Rs,,United States,0.06,3822.00-3017,DESK,Y,,2007-02-28,,,,,,,,,,,,,,,,,
,131,2007-02-28,40702280447,승인,영인과학(주),최석환,,Oxidizer for 8xx,,United States,1.8,3822.00-2020,DESK,Y,,2007-02-28,,,,,,,,,,,,,O,,,,O
,132,2007-02-28,40702280447,승인,영인과학(주),최석환,,Acid Reagent 900 Catridge,,United States,1.2,3822.00-2020,DESK,Y,,2007-02-28,,,,,,,,,,,,,O,,,,
,133,2007-02-28,40702280447,승인,영인과학(주),최석환,,900 Oxid Reagent Catridge Low Cap,,United States,0.3,3822.00-2020,DESK,Y,,2007-02-28,,,,,,,,,,,,,O,,,,O
,134,2007-02-28,40702280447,승인,영인과학(주),최석환,,Sample box: Calibration light Samples : SIMDIS High Temperature,,Netherlands,0.01,3822.00-3017,DESK,Y,,2007-02-28,,,,,,,,,,,,,,,,,
,135,2007-02-28,40702280447,승인,영인과학(주),최석환,,Sample box: Calibration Heavy Samples : SIMDIS High Temperature,,Netherlands,0.01,3822.00-3017,DESK,Y,,2007-02-28,,,,,,,,,,,,,,,,,
,136,2007-02-28,40702280447,승인,영인과학(주),최석환,,Sample box: Simdis 750 Ref.(5) Samples: SIMDIS High Temperature,,Netherlands,0.01,3822.00-3017,DESK,Y,,2007-02-28,,,,,,,,,,,,,,,,,
,137,2007-02-28,40702280447,승인,영인과학(주),최석환,,"Sample, Quality Control for Reformulyzer M3: Gasolin A (5 pcs)",,Netherlands,0.03,3822.00-3017,DESK,Y,,2007-02-28,,,,,,,,,,,,,,,,,
,138,2007-02-28,40702280447,승인,영인과학(주),최석환,,Sample box: D2887 Ext. Calib.,,Netherlands,0.01,3822.00-3017,DESK,Y,,2007-02-28,,,,,,,,,,,,,,,,,
,139,2007-02-28,40702280447,승인,영인과학(주),최석환,,std for fto(041 5ea/pk),,Netherlands,0.01,3822.00-3017,DESK,Y,,2007-02-28,,,,,,,,,,,,,,,,,
,140,2007-02-28,40702280447,승인,영인과학(주),최석환,,IP391 reference oil Samples: MDA,,Netherlands,0.01,3822.00-3017,DESK,Y,,2007-02-28,,,,,,,,,,,,,,,,,
,141,2007-02-28,40702280447,승인,영인과학(주),최석환,,"SILICA STANDARD 200 PPB,",,United States,10,3822.00-2020,DESK,Y,,2007-02-28,,,,,,,,,,,,,,,,,
,142,2007-02-28,40702280447,승인,영인과학(주),최석환,,SILICA REAGENT KIT,,United States,26.4,3822.00-2020,DESK,Y,,2007-02-28,,,,,,,,,,,,,,,,,
,143,2007-02-28,40702280447,승인,영인과학(주),최석환,,SODIUM STANDARDS KIT,,United States,0.45,3822.00-3017,DESK,Y,,2007-02-28,,,,,,,,,,,,,,,,,
,144,2007-02-28,40702280447,승인,영인과학(주),최석환,,APCI/APPI Calibrant Solution (100mL),,United States,0.1,3822.00-3017,DESK,Y,,2007-02-28,,,,,,,,,,,,,,,,,
,145,2007-02-28,40702280447,승인,영인과학(주),최석환,,Electrospray Calibrant Solution(100 mls),,United States,0.2,3822.00-3017,DESK,Y,,2007-02-28,,,,,,,,,,,,,,,,,
,146,2007-02-28,40702280447,승인,영인과학(주),최석환,,"ESI+APCI LC Demo Sample, 5 ampoules 1mL",,United States,0.01,3822.00-3017,DESK,Y,,2007-02-28,,,,,,,,,,,,,O,,,,
,147,2007-02-28,40702280447,승인,영인과학(주),최석환,,Mercury Calibration Standard,,United States,0.1,3822.00-3017,DESK,Y,,2007-02-28,,,,,,,,,,,,,,,,,
,148,2007-02-28,40702280447,승인,영인과학(주),최석환,,Methyl Alcohol (1L Bottle),,United States,1,3822.00-2020,DESK,Y,,2007-02-28,,,,,,,,,,,,,,,,,
,149,2007-02-28,40702280447,승인,영인과학(주),최석환,,Tuning Solution for ICP-MS 7500cs,,United States,1,3822.00-3017,DESK,Y,,2007-02-28,,,,,,,,,,,,,O,,,,
,150,2007-02-28,40702280447,승인,영인과학(주),최석환,,ICP-MS Checkout Solutions for 7500a/i/c,,United States,5.1,3822.00-3017,DESK,Y,,2007-02-28,,,,,,,,,,,,,,,,,
,151,2007-02-28,40702280447,승인,영인과학(주),최석환,,ENVIRONMENTAL CALIBRATION STANDARD,,United States,0.2,3822.00-3017,DESK,Y,,2007-02-28,,,,,,,,,,,,,,,,,
,152,2007-02-28,40702280447,승인,영인과학(주),최석환,,"400 Set, Validation Std, 1.11CUE+",,United States,0.36,3822.00-3017,DESK,Y,,2007-02-28,,,,,,,,,,,,,,,,,
,153,2007-02-28,40702280447,승인,영인과학(주),최석환,,"900 Oxidizer Cartidge, Low Cap",,United States,1.05,3822.00-2020,DESK,Y,,2007-02-28,,,,,,,,,,,,,,,,,
,154,2007-02-28,40702280447,승인,영인과학(주),최석환,,"sample,reference oil,D2887 extended(5pcs)",,Netherlands,0.01,3822.00-3017,DESK,Y,,2007-02-28,,,,,,,,,,,,,,,,,
,155,2006-04-04,40604040137,승인,영인과학(주),최석환,,"ISOCRATIC STANDARD, 0.5ML AMPOULE",,United States,0.06,3822.00-3017,DESK,Y,,2006-04-04,,,,,,,,,,,,,,,,,
,156,2006-04-04,40604040137,승인,영인과학(주),최석환,,FLUOROETHER E-3(PFDTD UOM EA=5 G),,United States,0.2,3822.00-3017,DESK,Y,,2006-04-04,,,,,,,,,,,,,O,,,,
,157,2006-04-04,40604040137,승인,영인과학(주),최석환,,6020 INTERFERENCE CHECK SOLUTION B,,United States,0.4,3822.00-3017,DESK,Y,,2006-04-04,,,,,,,,,,,,,,,,,
,158,2006-04-04,40604040137,승인,영인과학(주),최석환,,GOLD TUNING SOLUTION,,United States,0.4,3822.00-3017,DESK,Y,,2006-04-04,,,,,,,,,,,,,,,,,
,159,2006-04-04,40604040137,승인,영인과학(주),최석환,,6020 INTERFERENCE CHECK SOLUTION A,,United States,0.4,3822.00-3017,DESK,Y,,2006-04-04,,,,,,,,,,,,,,,,,
,160,2006-04-04,40604040137,승인,영인과학(주),최석환,,MULTI-ELEMENT CALIBRATION STANDARD-3,,United States,0.4,3822.00-3017,DESK,Y,,2006-04-04,,,,,,,,,,,,,,,,,
,161,2006-04-04,40604040137,승인,영인과학(주),최석환,,MULTI-ELEMENT CALIBRATION STANDARD-1,,United States,0.4,3822.00-3017,DESK,Y,,2006-04-04,,,,,,,,,,,,,,,,,
,162,2006-04-04,40604040137,승인,영인과학(주),최석환,,MULTI-ELEMENT CALIBRATION STANDARD-4,,United States,0.4,3822.00-3017,DESK,Y,,2006-04-04,,,,,,,,,,,,,,,,,
,163,2006-04-04,40604040137,승인,영인과학(주),최석환,,MULTI-ELEMENT CALIBRATION STANDARD 2A,,United States,0.4,3822.00-3017,DESK,Y,,2006-04-04,,,,,,,,,,,,,,,,,
,164,2006-04-04,40604040137,승인,영인과학(주),최석환,,CAFFEINE STANDARDS KIT FOR LC MS,,United States,0.2,3822.00-3017,DESK,Y,,2006-04-04,,,,,,,,,,,,,,,,,
SAMPLE,165,2006-04-04,40604040137,승인,영인과학(주),최석환,,PFHT-HIGH MASS CHECKOUT SAMPLE,,United States,0.01,3822.00-3017,DESK,Y,,2006-04-04,,,,,,,,,,,,,,,,,
,166,2006-04-04,40604040137,승인,영인과학(주),최석환,,TUNING SOLUTION,,United States,4,3822.00-3017,DESK,Y,,2006-04-04,,,,,,,,,,,,,,,,,
SAMPLE,167,2006-04-04,40604040137,승인,영인과학(주),최석환,,SAMPLE KIT,,United States,0.4,3822.00-3017,DESK,Y,,2006-04-04,,,,,,,,,,,,,,,,,
,168,2006-04-04,40604040137,승인,영인과학(주),최석환,,ENVIRONMENTAL CALIBRATION STANDARD,,United States,0.4,3822.00-3017,DESK,Y,,2006-04-04,,,,,,,,,,,,,,,,,
SAMPLE,169,2006-04-04,40604040137,승인,영인과학(주),최석환,,NPD SAMPLER,,United States,0.07,3822.00-3017,DESK,Y,,2006-04-04,,,,,,,,,,,,,,,,,
SAMPLE,170,2006-04-04,40604040137,승인,영인과학(주),최석환,,ISOCRATIC AND GRADIENT TEST SAMPLE,,United States,0.06,3822.00-3017,DESK,Y,,2006-04-04,,,,,,,,,,,,,,,,,
,171,2006-04-04,40604040137,승인,영인과학(주),최석환,,SYSTEM SUITABILITY STANDARD SET-800AS,,United States,0.5,3822.00-3017,DESK,Y,,2006-04-04,,,,,,,,,,,,,,,,,
,172,2006-04-04,40604040137,승인,영인과학(주),최석환,,SYSTEM SUITABILITY STANDARD SET-800,,United States,1.4,3822.00-3017,DESK,Y,,2006-04-04,,,,,,,,,,,,,,,,,
SAMPLE,173,2006-04-04,40604040137,승인,영인과학(주),최석환,,CALIBRATION SET FOR AUTOSAMPLER MODE,,United States,11.5,3822.00-3017,DESK,Y,,2006-04-04,,,,,,,,,,,,,,,,,
,174,2006-04-04,40604040137,승인,영인과학(주),최석환,,CALIBRATION SET FOR GRAB MODE,,United States,3.8,3822.00-3017,DESK,Y,,2006-04-04,,,,,,,,,,,,,,,,,
,175,2006-04-04,40604040137,승인,영인과학(주),최석환,,"900 SINGLE POINT CAL SET, 1MG/L",,United States,1.4,3822.00-3017,DESK,Y,,2006-04-04,,,,,,,,,,,,,,,,,
,176,2006-04-04,40604040137,승인,영인과학(주),최석환,,400 CALIBRATION STANDARDS SET,,United States,0.7,3822.00-3017,DESK,Y,,2006-04-04,,,,,,,,,,,,,,,,,
,177,2006-04-04,40604040137,승인,영인과학(주),최석환,,900 RESIN BED,,United States,2.4,3822.00-2020,DESK,Y,,2006-04-04,,,,,,,,,,,,,,,,,
,178,2006-04-04,40604040137,승인,영인과학(주),최석환,,"900 ACID CARTRIDGE, HI CAP",,United States,12,3822.00-2020,DESK,Y,,2006-04-04,,,,,,,,,,,,,,,,,
,179,2006-04-04,40604040137,승인,영인과학(주),최석환,,"900 OXIDIZER CARTRIDGE, HI CAP",,United States,9,3822.00-2020,DESK,Y,,2006-04-04,,,,,,,,,,,,,,,,,
,180,2006-04-04,40604040137,승인,영인과학(주),최석환,,"REAGENT REFILL, BORON",,United States,16,3822.00-2020,DESK,Y,,2006-04-04,,,,,,,,,,,,,,,,,
,181,2006-04-04,40604040137,승인,영인과학(주),최석환,,PERSULFATE RESERVOIR,,United States,10.8,3822.00-2020,DESK,Y,,2006-04-04,,,,,,,,,,,,,,,,,
,182,2006-04-04,40604040137,승인,영인과학(주),최석환,,ACID RESERVOIR,,United States,26.4,3822.00-2020,DESK,Y,,2006-04-04,,,,,,,,,,,,,,,,,
,183,2006-04-04,40604040137,승인,영인과학(주),최석환,,LOW LEVEL REAGENT,,United States,12,3822.00-2020,DESK,Y,,2006-04-04,,,,,,,,,,,,,,,,,
SAMPLE,184,2006-04-04,40604040137,승인,영인과학(주),최석환,,ECD SAMPLER,,United States,0.03,3822.00-3017,DESK,Y,,2006-04-04,,,,,,,,,,,,,,,,,
SAMPLE,185,2006-04-04,40604040137,승인,영인과학(주),최석환,,FID PERFORMANCE EVALUATION SAMPLE KIT,,United States,0.61,3822.00-3017,DESK,Y,,2006-04-04,,,,,,,,,,,,,,,,,
SAMPLE,186,2006-04-04,40604040137,승인,영인과학(주),최석환,,PFTBA SAMPLE KIT,,United States,0.01,3822.00-3017,DESK,Y,,2006-04-04,,,,,,,,,,,,,,,,,
SAMPLE,187,2006-04-04,40604040137,승인,영인과학(주),최석환,,MSD SAMPLER,,United States,0.24,3822.00-3017,DESK,Y,,2006-04-04,,,,,,,,,,,,,,,,,
MXA22202,,,,,영인과학(주),,,,,,,,,,,,,,,,,,,,,,,,,,,,
,188,2017-07-24,41707240187,승인,영인에스트주식회사,최환희,이영광,Keyacid Rhodamine WT Liquid,25ml Bottle of 20% WT Rhodamine Dye Stock Solution,United Kingdom,0.25,8543.70-9090,WEB,Y,,2017-07-24,,,,,,,,,,,,,,,,,
,189,2016-12-06,41612060192,승인,영인에스트주식회사,고승환,,Hydra C Catalyst,,United States,25,3815.19-9000,DESK,,,2016-12-06,,,,O,,,,,,,,O,,,,,
,190,2016-12-06,41612060192,승인,영인에스트주식회사,고승환,,1% Hydrochloric Acid Solution,,United States,60,3822.00-3048,DESK,,,2016-12-06,,,,O,,,,O,,,,O,,,,,
,191,2016-12-06,41612060192,승인,영인에스트주식회사,고승환,,2% Hydrochloric Acid Solution,,United States,40,3822.00-3048,DESK,,,2016-12-06,,,,O,,,,O,,,,O,,,,,
,192,2016-12-06,41612060192,승인,영인에스트주식회사,고승환,,2% Stannous Chloride in 10% HCl,,United States,10,3822.00-3048,DESK,,,2016-12-06,,,,O,,,,O,,,,O,,,,,
,193,2016-12-06,41612060192,승인,영인에스트주식회사,고승환,,1㎍/mL Hg in 2% HCl,,United States,3,3822.00-3048,DESK,,,2016-12-06,,,,O,,,,O,,,,O,,,,,
,194,2016-12-06,41612060192,승인,영인에스트주식회사,고승환,,100㎍/mL Hg in 5% HNO3,,United States,3,3822.00-3048,DESK,,,2016-12-06,,,,O,,,,O,,,,O,,,,,
,195,2016-12-06,41612060192,승인,영인에스트주식회사,고승환,,10% Stannous Chloride in 10 % HCl,,United States,25,3822.00-3048,DESK,,,2016-12-06,,,,O,,,,O,,,,O,O,,,,
,196,2016-12-06,41612060192,승인,영인에스트주식회사,고승환,,1% Nitric Acid Blank,,United States,10,3822.00-3048,DESK,,,2016-12-06,,,,O,,,,O,,,,O,,,,,
STD7440650,197,2016-09-07,41609070400,승인,영인에스트주식회사,최환희,이영광,"STD 74406 500/860 Linearity Set(WATER (REAGENT WATER, Rw))",,United States,70,3822.00-3048,WEB,Y,,2016-09-07,,,,,,,,,,,,,,,,,
STD90026,198,2016-09-07,41609070420,승인,영인에스트주식회사,최환희,이영광,"STD 90026 M9/900 1mg/L Cal, 500 æg/L Ver Kit(Sucrose Solutions)",,United States,70,3822.00-3048,WEB,Y,,2016-09-07,,,,,,,,,,,,,,,,,
STD90026,199,2016-09-07,41609070419,승인,영인에스트주식회사,최환희,이영광,"STD 90026 M9/900 1mg/L Cal, 500 æg/L Ver Kit(Sodium Carbonate Solution)",,United States,70,3822.00-3048,WEB,Y,,2016-09-07,,,,,,,,,,,,,,,,,
STD90026,200,2016-09-07,41609070418,승인,영인에스트주식회사,최환희,이영광,"STD 90026 M9/900 1mg/L Cal, 500 æg/L Ver Kit(Potassium Hydrogen Phthalate Solutions)",,United States,70,3822.00-3048,WEB,Y,,2016-09-07,,,,,,,,,,,,,,,,,
STD90019-01,201,2016-09-07,41609070417,승인,영인에스트주식회사,최환희,이영광,"STD 90019-01 M-Series Cal & Ver Kit, 25 mg/L(Sucrose Solutions)",,United States,70,3822.00-3048,WEB,Y,,2016-09-07,,,,,,,,,,,,,,,,,
STD90019-01,202,2016-09-07,41609070416,승인,영인에스트주식회사,최환희,이영광,"STD 90019-01 M-Series Cal & Ver Kit, 25 mg/L(Sodium Carbonate Solution)",,United States,70,3822.00-3048,WEB,Y,,2016-09-07,,,,,,,,,,,,,O,,,,
STD90019-01,203,2016-09-07,41609070415,승인,영인에스트주식회사,최환희,이영광,"STD 90019-01 M-Series Cal & Ver Kit, 25 mg/L(Potassium Hydrogen Phthalate Solutions)",,United States,70,3822.00-3048,WEB,Y,,2016-09-07,,,,,,,,,,,,,O,,,,
STD90016-01,204,2016-09-07,41609070414,승인,영인에스트주식회사,최환희,이영광,"STD 90016-01 M-Series Cal & Ver Kit, 1 mg/L(Sucrose Solutions)",,United States,70,3822.00-3048,WEB,Y,,2016-09-07,,,,,,,,,,,,,,,,,
STD90016-01,205,2016-09-07,41609070413,승인,영인에스트주식회사,최환희,이영광,"STD 90016-01 M-Series Cal & Ver Kit, 1 mg/L(Sodium Carbonate Solution)",,United States,70,3822.00-3048,WEB,Y,,2016-09-07,,,,,,,,,,,,,,,,,
STD90016-01,206,2016-09-07,41609070412,승인,영인에스트주식회사,최환희,이영광,"STD 90016-01 M-Series Cal & Ver Kit, 1 mg/L(Potassium Hydrogen Phthalate Solutions)",,United States,70,3822.00-3048,WEB,Y,,2016-09-07,,,,,,,,,,,,,,,,,
STD90014-01,207,2016-09-07,41609070411,승인,영인에스트주식회사,최환희,이영광,"STD 90014-01 900 Turbo Calibration Set, 4 mg/L(Sodium Carbonate Solution)",,United States,70,3822.00-3048,WEB,Y,,2016-09-07,,,,,,,,,,,,,O,,,,
STD90014-01,208,2016-09-07,41609070410,승인,영인에스트주식회사,최환희,이영광,"STD 90014-01 900 Turbo Calibration Set, 4 mg/L(Potassium Hydrogen Phthalate Solutions)",,United States,70,3822.00-3048,WEB,Y,,2016-09-07,,,,,,,,,,,,,,,,,
STD90007-01,209,2016-09-07,41609070409,승인,영인에스트주식회사,최환희,이영광,"STD 90007-01 M9 Verification Set, 500 μg/L(WATER (REAGENT WATER, Rw))",,United States,70,3822.00-3048,WEB,Y,,2016-09-07,,,,,,,,,,,,,,,,,
STD90007-01,210,2016-09-07,41609070408,승인,영인에스트주식회사,최환희,이영광,"STD 90007-01 M9 Verification Set, 500 μg/L(Sucrose Solutions)",,United States,70,3822.00-3048,WEB,Y,,2016-09-07,,,,,,,,,,,,,O,,,,
STD90007-01,211,2016-09-07,41609070407,승인,영인에스트주식회사,최환희,이영광,"STD 90007-01 M9 Verification Set, 500 μg/L(Sodium Carbonate Solution)",,United States,70,3822.00-3048,WEB,Y,,2016-09-07,,,,,,,,,,,,,,,,,
STD90003-01,212,2016-09-07,41609070406,승인,영인에스트주식회사,최환희,이영광,"STD 90003-01 M-Series Single Pt Cal, 10 mg/L(WATER (REAGENT WATER, Rw))",,United States,70,3822.00-3048,WEB,Y,,2016-09-07,,,,,,,,,,,,,,,,,
STD90003-01,213,2016-09-07,41609070405,승인,영인에스트주식회사,최환희,이영광,"STD 90003-01 M-Series Single Pt Cal, 10 mg/L(Sodium Carbonate Solution)",,United States,70,3822.00-3048,WEB,Y,,2016-09-07,,,,,,,,,,,,,,,,,
STD90003-01,214,2016-09-07,41609070404,승인,영인에스트주식회사,최환희,이영광,"STD 90003-01 M-Series Single Pt Cal, 10 mg/L(Potassium Hydrogen Phthalate Solutions)",,United States,70,3822.00-3048,WEB,Y,,2016-09-07,,,,,,,,,,,,,,,,,
STD90002-01,215,2016-09-07,41609070403,승인,영인에스트주식회사,최환희,이영광,"STD 90002-01 M-Series Single Pt Cal, 5 mg/L(WATER (REAGENT WATER, Rw))",,United States,70,3822.00-3048,WEB,Y,,2016-09-07,,,,,,,,,,,,,,,,,
STD90002-01,216,2016-09-07,41609070402,승인,영인에스트주식회사,최환희,이영광,"STD 90002-01 M-Series Single Pt Cal, 5 mg/L(Sodium Carbonate Solution)",,United States,70,3822.00-3048,WEB,Y,,2016-09-07,,,,,,,,,,,,,,,,,
STD90002-01,217,2016-09-07,41609070401,승인,영인에스트주식회사,최환희,이영광,"STD 90002-01 M-Series Single Pt Cal, 5 mg/L(Potassium Hydrogen Phthalate Solutions)",,United States,70,3822.00-3048,WEB,Y,,2016-09-07,,,,,,,,,,,,,,,,,
STD31013-01,218,2016-09-07,41609070399,승인,영인에스트주식회사,최환희,이영광,"STD 31013-01 Accuracy/Precision Set, 500 ppb(Sucrose Solutions)",,United States,70,3822.00-3048,WEB,Y,,2016-09-07,,,,,,,,,,,,,,,,,
STD31012-01,219,2016-09-07,41609070398,승인,영인에스트주식회사,최환희,이영광,"STD 31012-01 M9 / 900 Linearity Standard Set(WATER (REAGENT WATER, Rw)",,United States,70,3822.00-3048,WEB,Y,,2016-09-07,,,,,,,,,,,,,,,,,
STD31005-02,220,2016-09-07,41609070393,승인,영인에스트주식회사,최환희,이영광,"STD 31005-02 400 TOC Calibration Standards Set(WATER (REAGENT WATER, Rw))",,United States,70,3822.00-3048,WEB,Y,,2016-09-07,,,,,,,,,,,,,,,,,
,221,2016-08-26,41608260307,승인,영인에스트주식회사,최환희,이영광,"500/860 Single Pt Cal SetA TOC Only(WATER (REAGENT WATER, Rw))",,United States,100,3822.00-3048,WEB,Y,,2016-08-26,,,,,,,,,,,,,,,,,
STD74405,222,2016-08-26,41608260309,승인,영인에스트주식회사,최환희,이영광,STD 74405 500/860 Single Pt Cal SetA TOC Only(Potassium Hydrogen Phthalate Solutions),,United States,100,3822.00-3048,WEB,Y,,2016-08-26,,,,,,,,,,,,,,,,,
STD77026-01,223,2016-08-26,41608260312,승인,영인에스트주식회사,최환희,이영광,STD 77026-01 M9 Conductivity Calibration Std(Potassium chloride Solution),,United States,100,3822.00-3048,WEB,Y,,2016-08-26,,,,,,,,,,,,,,,,,
STD74429-01,224,2016-08-26,41608260306,승인,영인에스트주식회사,최환희,이영광,"STD 74429-01 500 Standard SDBS Suitability(WATER (REAGENT WATER, Rw))",,United States,100,3822.00-3048,WEB,Y,,2016-08-26,,,,,,,,,,,,,,,,,
STD74429-01,225,2016-08-26,41608260310,승인,영인에스트주식회사,최환희,이영광,STD 74429-01 500 Standard SDBS Suitability(SDBS SOLUTIONS),,United States,100,3822.00-3048,WEB,Y,,2016-08-26,,,,,,,,,,,,,,,,,
211191,226,2016-08-26,41608260341,승인,영인에스트주식회사,최환희,이영광,"211191 IDIPA REAGENT, 6 X 0.8L WITH TUBING(Diisopropylamine)",,United States,150,3822.00-3048,WEB,Y,,2016-08-26,,,,,,,,,,,,,,,,,
211190,227,2016-08-26,41608260340,승인,영인에스트주식회사,최환희,이영광,"211190 IDIPA REAGENT,1 X 0.8L WITH TUBING(Diisopropylamine)",,United States,50,3822.00-3048,WEB,Y,,2016-08-26,,,,,,,,,,,,,,,,,
STDS2X60ML,228,2016-08-26,41608260339,승인,영인에스트주식회사,최환희,이영광,"181140 SODIUM 19.1&192 PPM STDS,2X60ML EACH(Standard 1 & 2 for Sodium)",,United States,5,3822.00-3048,WEB,Y,,2016-08-26,,,,,,,,,,,,,,,,,
,229,2016-08-26,41608260337,승인,영인에스트주식회사,최환희,이영광,"150072 210058,100058 REF ELECTFILL SOL,5X60ML",,United States,5,3822.00-3048,WEB,Y,,2016-08-26,,,,,,,,,,,,,,,,,
STD74406,230,2016-08-26,41608260308,승인,영인에스트주식회사,최환희,이영광,STD 74406 500/860 Linearity Set(Potassium Hydrogen Phthalate - Acidified),,United States,100,3822.00-3048,WEB,Y,,2016-08-26,,,,,,,,,,,,,,,,,
STD77000-01,231,2016-08-26,41608260335,승인,영인에스트주식회사,최환희,이영광,"STD 77000-01 M-Series Multipoint Cal Set(WATER (REAGENT WATER, Rw))",,United States,100,3822.00-3048,WEB,Y,,2016-08-26,,,,,,,,,,,,,,,,,
STD90026,232,2016-08-26,41608260323,승인,영인에스트주식회사,최환희,이영광,"STD 90026 M9/900 1mg/L Cal, 500 æg/L Ver Kit(WATER (REAGENT WATER, Rw))",,United States,100,3822.00-3048,WEB,Y,,2016-08-26,,,,,,,,,,,,,,,,,
STD90019-01,233,2016-08-26,41608260322,승인,영인에스트주식회사,최환희,이영광,"STD 90019-01 M-Series Cal & Ver Kit, 25 mg/L(WATER (REAGENT WATER, Rw))",,United States,100,3822.00-3048,WEB,Y,,2016-08-26,,,,,,,,,,,,,,,,,
STD90000-01,234,2016-08-26,41608260320,승인,영인에스트주식회사,최환희,이영광,STD 90000-01 900 Multipoint Cal Standards Set(Sodium Carbonate Solution),,United States,75,3822.00-3048,WEB,Y,,2016-08-26,,,,,,,,,,,,,,,,,
STD90000-01,235,2016-08-26,41608260319,승인,영인에스트주식회사,최환희,이영광,"STD 90000-01 900 Multipoint Cal Standards Set(WATER (REAGENT WATER, Rw))",,United States,100,3822.00-3048,WEB,Y,,2016-08-26,,,,,,,,,,,,,,,,,
STD90001-01,236,2016-08-26,41608260316,승인,영인에스트주식회사,최환희,이영광,"STD 90001-01 M-Series Single Pt Cal, 1 mg C/L(Sodium Carbonate Solution)",,United States,100,3822.00-3048,WEB,Y,,2016-08-26,,,,,,,,,,,,,,,,,
STD90001-01,237,2016-08-26,41608260315,승인,영인에스트주식회사,최환희,이영광,"STD 90001-01 M-Series Single Pt Cal, 1 mg C/L(WATER (REAGENT WATER, Rw))",,United States,100,3822.00-3048,WEB,Y,,2016-08-26,,,,,,,,,,,,,,,,,
STD90001-01,238,2016-08-26,41608260314,승인,영인에스트주식회사,최환희,이영광,"STD 90001-01 M-Series Single Pt Cal, 1 mg C/L(Potassium Hydrogen Phthalate Solutions)",,United States,100,3822.00-3048,WEB,Y,,2016-08-26,,,,,,,,,,,,,,,,,
STD90000-01,239,2016-08-26,41608260313,승인,영인에스트주식회사,최환희,이영광,STD 90000-01 900 Multipoint Cal Standards Set(Potassium Hydrogen Phthalate Solutions),,United States,100,3822.00-3048,WEB,Y,,2016-08-26,,,,,,,,,,,,,,,,,
STD77000-01,240,2016-08-26,41608260311,승인,영인에스트주식회사,최환희,이영광,STD 77000-01 M-Series Multipoint Cal Set(Potassium Hydrogen Phthalate Solutions),,United States,100,3822.00-3048,WEB,Y,,2016-08-26,,,,,,,,,,,,,,,,,
STD77000-01,241,2016-08-26,41608260305,승인,영인에스트주식회사,최환희,이영광,STD 77000-01 M-Series Multipoint Cal Set(Sodium Carbonate Solution),,United States,100,3822.00-3048,WEB,Y,,2016-08-26,,,,,,,,,,,,,,,,,
ASM71220-01,242,2016-08-26,41608260338,승인,영인에스트주식회사,최환희,이영광,"ASM 71220-01 Reagent Refill, Boron",,United States,100,2833.40-9000,WEB,Y,,2016-08-26,,,,,,,,,,,,,,,,,
STD97010-01,243,2016-08-26,41608260326,승인,영인에스트주식회사,최환희,이영광,"STD 97010-01 CheckPoint, TOC Cal. Set(Sucrose Solutions)",,United States,100,3822.00-3048,WEB,Y,,2016-08-26,,,,,,,,,,,,,,,,,
STD90039-01,244,2016-08-26,41608260324,승인,영인에스트주식회사,최환희,이영광,"STD 90039-01 M9/900 SDBS Suitability Set(WATER (REAGENT WATER, Rw))",,United States,100,3822.00-3048,WEB,Y,,2016-08-26,,,,,,,,,,,,,,,,,
STD90016-01,245,2016-08-26,41608260321,승인,영인에스트주식회사,최환희,이영광,"STD 90016-01 M-Series Cal & Ver Kit, 1 mg/L(WATER (REAGENT WATER, Rw))",,United States,100,3822.00-3048,WEB,Y,,2016-08-26,,,,,,,,,,,,,,,,,
STD68100-01,246,2016-08-26,41608260304,승인,영인에스트주식회사,최환희,이영광,"STD 68100-01 InnovOx, Reagent Water",,United States,100,3822.00-3048,WEB,Y,,2016-08-26,,,,,,,,,,,,,,,,,
STD31013-01,247,2016-08-26,41608260303,승인,영인에스트주식회사,최환희,이영광,"STD 31013-01 Accuracy/Precision Set, 500 ppb(WATER (REAGENT WATER, Rw))",,United States,100,3822.00-3048,WEB,Y,,2016-08-26,,,,,,,,,,,,,,,,,
STD31012-01,248,2016-08-26,41608260302,승인,영인에스트주식회사,최환희,이영광,STD 31012-01 M9 / 900 Linearity Standard Set(Sucrose Solutions),,United States,100,3822.00-3048,WEB,Y,,2016-08-26,,,,,,,,,,,,,,,,,
STD31005-02,249,2016-08-26,41608260301,승인,영인에스트주식회사,최환희,이영광,STD 31005-02 400 TOC Calibration Standards Set(Sucrose Solutions),,United States,100,3822.00-3048,WEB,Y,,2016-08-26,,,,,,,,,,,,,,,,,
310,250,2016-08-26,41608260336,승인,영인에스트주식회사,최환희,이영광,APF 90310-02 Acid Cartridge,,United States,100,2809.20-1090,WEB,Y,,2016-08-26,,,,,,,,,,,,,,,,,
STD97010-01,251,2016-08-26,41608260325,승인,영인에스트주식회사,최환희,이영광,"STD 97010-01 CheckPoint, TOC Cal. Set(WATER (REAGENT WATER, Rw))",,United States,100,3822.00-3048,WEB,Y,,2016-08-26,,,,,,,,,,,,,,,,,
,252,2016-08-26,41608260342,승인,영인에스트주식회사,최환희,이영광,"IOXYGEN SCAVENGER RGNT, 3X1L W/TUBING",,United States,60,3822.00-3048,WEB,Y,,2016-08-26,,,,,,,,,,,,,,,,,
ASM 71255-01,화학물질아님,,,,영인에스티,,,,,,,,,,,,,,,,,,,,,,,,,,,,
90154501,253,2024-04-17,42404170187,승인,영인에스티 주식회사,임민환,배용숙,"Pharm Cal Kit, APSS-2000",90154501,United States,0.5,3822.19-3099,WEB,Y,,2024-04-17,,,,,O,,,O,,,,,,,,,
STD74624,254,2024-04-03,42404030049,승인,영인에스티 주식회사,남종우,배용숙,Potassium Hydrogen Phthalate (KHP) Solution- Acidified,STD 74624 M500/500 Multi Pt Cal Set A&B (TOC Only),United States,3,3822.19-3020,WEB,Y,,2024-04-03,,,,,O,,,,,,,,,,,,
STD74624,255,2024-04-03,42404030050,승인,영인에스티 주식회사,남종우,배용숙,"Water (Reagent Water, Rw) - Acidified",STD 74624 M500/500 Multi Pt Cal Set A&B (TOC Only),United States,3,3822.19-3099,WEB,Y,,2024-04-03,,,,,O,,,,,,,,,,,,
STD90025,256,2024-03-19,42403190027,승인,영인에스티 주식회사,남종우,배용숙,Nicotinamide Solution - Acidified,STD 90025 900 VALIDATION KIT WITH CAL & VER,United States,3,3822.19-3020,WEB,Y,,2024-03-19,,,,,O,,,,,,,,,,,,
STD78634-01,257,2024-03-19,42403190016,승인,영인에스티 주식회사,남종우,배용숙,Nicotinamide Solution - Acidified,STD 78634-01 M500 MULTI-POINTVALIDATION SET ABOVE KIT MADEUP WITH FOLLOWING 11 ITEMS,United States,3,3822.19-3020,WEB,Y,,2024-03-19,,,,,O,,,,,,,,,,,,
STD74409-01,258,2024-03-19,42403190571,승인,영인에스티 주식회사,남종우,배용숙,"Water (Reagent Water, Rw) - Acidified",STD 74409-01 SPECIFICITY SET,United States,3,3822.19-3099,WEB,Y,,2024-03-19,,,,,O,,,,,,,,,,,,
STD74616,259,2024-03-19,42403190574,승인,영인에스티 주식회사,남종우,배용숙,Sucrose Solution - Acidified,STD 74616 500 MULTIPT CAL A&B/VER SET ABOVE KIT MADE UP WITH FOLLOWING 2 ITEMS,United States,3,3822.19-3020,WEB,Y,,2024-03-19,,,,,O,,,,,,,,,,,,
STD90011-01,260,2024-03-19,42403190601,승인,영인에스티 주식회사,남종우,배용숙,Sucrose Solution,"STD 90011-01 M-SERIES VERIFICATION SET,10 MG/L",United States,3,3822.19-3099,WEB,Y,,2024-03-19,,,,,O,,,,,,,,,,,,
STD90037-01,261,2024-03-19,42403190576,승인,영인에스티 주식회사,남종우,배용숙,"1,4-Benzoquinone (BQ) Solution",STD 90037-01 M9/900 ROBUSTNESS SET,United States,3,3822.19-3099,WEB,Y,,2024-03-19,,,,,O,,,O,,,,,,,,,
STD74512,262,2024-03-19,42403190562,승인,영인에스티 주식회사,남종우,배용숙,Potassium Hydrogen Phthalate (KHP) Solution- Acidified,"STD 74512-TOC5,SIOS,SP CAL/VER KIT",United States,3,3822.19-3020,WEB,Y,,2024-03-19,,,,,O,,,,,,,,,,,,
STD30002-01,263,2024-03-19,42403190567,승인,영인에스티 주식회사,남종우,배용숙,Sodium Carbonate Solution,"STD 30002-01 IC STANDARD, 25 PPM",United States,3,3822.19-3099,WEB,Y,,2024-03-19,,,,,O,,,,,,,,,,,,
STD96000-01,264,2024-03-19,42403190608,승인,영인에스티 주식회사,남종우,배용숙,"Water (Reagent Water, Rw)",STD 96000-01 5310C MP CAL SET(V1.40 OR LATE),United States,3,3822.19-3099,WEB,Y,,2024-03-19,,,,,O,,,,,,,,,,,,
STD74512,265,2024-03-19,42403190563,승인,영인에스티 주식회사,남종우,배용숙,"Water (Reagent Water, Rw) - Acidified","STD 74512-TOC5,SIOS,SP CAL/VER KIT",United States,3,3822.19-3099,WEB,Y,,2024-03-19,,,,,O,,,,,,,,,,,,
STD77004-01,266,2024-03-19,42403190584,승인,영인에스티 주식회사,남종우,배용숙,Sucrose Solution - Acidified,STD 77004-01 STERILE WATER SUITABILITY 8 PPM,United States,3,3822.19-3020,WEB,Y,,2024-03-19,,,,,O,,,,,,,,,,,,
STD77002-01,267,2024-03-19,42403190589,승인,영인에스티 주식회사,남종우,배용숙,Nicotinamide Solution - Acidified,STD 77002-01 M9 VALIDATION KITWITH MP CAL&VER ABOVE KIT,United States,3,3822.19-3020,WEB,Y,,2024-03-19,,,,,O,,,,,,,,,,,,
STD77002-01,268,2024-03-19,42403190587,승인,영인에스티 주식회사,남종우,배용숙,"1,4-Benzoquinone (BQ) Solution - Acidified",STD 77002-01 M9 VALIDATION KITWITH MP CAL&VER ABOVE KIT,United States,3,3822.19-3020,WEB,Y,,2024-03-19,,,,,O,,,O,,,,,,,,,
STD77004-01,269,2024-03-19,42403190583,승인,영인에스티 주식회사,남종우,배용숙,"Water (Reagent Water, Rw) - Acidified",STD 77004-01 STERILE WATER SUITABILITY 8 PPM,United States,3,3822.19-3099,WEB,Y,,2024-03-19,,,,,O,,,,,,,,,,,,
STD77002-01,270,2024-03-19,42403190592,승인,영인에스티 주식회사,남종우,배용숙,"Water (Reagent Water, Rw) - Acidified",STD 77002-01 M9 VALIDATION KITWITH MP CAL&VER ABOVE KIT,United States,3,3822.19-3099,WEB,Y,,2024-03-19,,,,,O,,,,,,,,,,,,
STD74614,271,2024-03-19,42403190581,승인,영인에스티 주식회사,남종우,배용숙,Hydrochloric (HCl) Acid Solution- Conductivity Standard,STD 74614 500 MULTI PT CAL SET A&B ABOVE KIT,United States,3,3822.19-3099,WEB,Y,,2024-03-19,,,,,O,,,O,,,,O,,,,,
STD74614,272,2024-03-19,42403190580,승인,영인에스티 주식회사,남종우,배용숙,"Water (Reagent Water, Rw) - Acidified",STD 74614 500 MULTI PT CAL SET A&B ABOVE KIT,United States,3,3822.19-3099,WEB,Y,,2024-03-19,,,,,O,,,,,,,,,,,,
STD74614,273,2024-03-19,42403190579,승인,영인에스티 주식회사,남종우,배용숙,Potassium Hydrogen Phthalate (KHP) Solution- Acidified,STD 74614 500 MULTI PT CAL SET A&B ABOVE KIT,United States,3,3822.19-3020,WEB,Y,,2024-03-19,,,,,O,,,,,,,,,,,,
STD90037-01,274,2024-03-19,42403190578,승인,영인에스티 주식회사,남종우,배용숙,"Water (Reagent Water, Rw)",STD 90037-01 M9/900 ROBUSTNESS SET,United States,3,3822.19-3099,WEB,Y,,2024-03-19,,,,,O,,,,,,,,,,,,
STD74616,275,2024-03-19,42403190575,승인,영인에스티 주식회사,남종우,배용숙,Hydrochloric (HCl) Acid Solution- Conductivity Standard,STD 74616 500 MULTIPT CAL A&B/VER SET ABOVE KIT MADE UP WITH FOLLOWING 2 ITEMS,United States,3,3822.19-3099,WEB,Y,,2024-03-19,,,,,O,,,O,,,,O,,,,,
STD90011-01,276,2024-03-19,42403190602,승인,영인에스티 주식회사,남종우,배용숙,"Water (Reagent Water, Rw)","STD 90011-01 M-SERIES VERIFICATION SET,10 MG/L",United States,3,3822.19-3099,WEB,Y,,2024-03-19,,,,,O,,,,,,,,,,,,
STD74616,277,2024-03-19,42403190573,승인,영인에스티 주식회사,남종우,배용숙,"Water (Reagent Water, Rw) - Acidified",STD 74616 500 MULTIPT CAL A&B/VER SET ABOVE KIT MADE UP WITH FOLLOWING 2 ITEMS,United States,3,3822.19-3099,WEB,Y,,2024-03-19,,,,,O,,,,,,,,,,,,
STD90018-01,278,2024-03-19,42403190604,승인,영인에스티 주식회사,남종우,배용숙,Sodium Carbonate Solution,"STD 90018-01 M-SERIES CAL & VER KIT, 10 MG/L ABOVE KIT MADEUP WITH FOLLOWING 2 ITEMS",United States,3,3822.19-3099,WEB,Y,,2024-03-19,,,,,O,,,,,,,,,,,,
STD90018-01,279,2024-03-19,42403190603,승인,영인에스티 주식회사,남종우,배용숙,Potassium Hydrogen Phthalate (KHP) Solution,"STD 90018-01 M-SERIES CAL & VER KIT, 10 MG/L ABOVE KIT MADEUP WITH FOLLOWING 2 ITEMS",United States,3,3822.19-3099,WEB,Y,,2024-03-19,,,,,O,,,,,,,,,,,,
STD96000-01,280,2024-03-19,42403190606,승인,영인에스티 주식회사,남종우,배용숙,Potassium Hydrogen Phthalate (KHP) Solution,STD 96000-01 5310C MP CAL SET(V1.40 OR LATE),United States,3,3822.19-3099,WEB,Y,,2024-03-19,,,,,O,,,,,,,,,,,,
STD74409-01,281,2024-03-19,42403190569,승인,영인에스티 주식회사,남종우,배용숙,Nicotinamide Solution - Acidified,STD 74409-01 SPECIFICITY SET,United States,3,3822.19-3020,WEB,Y,,2024-03-19,,,,,O,,,,,,,,,,,,
STD96000-01,282,2024-03-19,42403190607,승인,영인에스티 주식회사,남종우,배용숙,Sodium Carbonate Solution,STD 96000-01 5310C MP CAL SET(V1.40 OR LATE),United States,3,3822.19-3099,WEB,Y,,2024-03-19,,,,,O,,,,,,,,,,,,
STD68410-01,283,2024-03-19,42403190598,승인,영인에스티 주식회사,남종우,배용숙,Potassium Hydrogen Phthalate (KHP) Solution,STD 68410-01 INNOVOX TOC CAL.1K MG/L,United States,3,3822.19-3099,WEB,Y,,2024-03-19,,,,,O,,,,,,,,,,,,
STD90011-01,284,2024-03-19,42403190599,승인,영인에스티 주식회사,남종우,배용숙,Sodium Carbonate Solution,"STD 90011-01 M-SERIES VERIFICATION SET,10 MG/L",United States,3,3822.19-3099,WEB,Y,,2024-03-19,,,,,O,,,,,,,,,,,,
STD77002-01,285,2024-03-19,42403190595,승인,영인에스티 주식회사,남종우,배용숙,Sucrose Solution - Acidified,STD 77002-01 M9 VALIDATION KITWITH MP CAL&VER ABOVE KIT,United States,3,3822.19-3020,WEB,Y,,2024-03-19,,,,,O,,,,,,,,,,,,
STD90037-01,286,2024-03-19,42403190577,승인,영인에스티 주식회사,남종우,배용숙,Sucrose Solution,STD 90037-01 M9/900 ROBUSTNESS SET,United States,3,3822.19-3099,WEB,Y,,2024-03-19,,,,,O,,,,,,,,,,,,
STD77002-01,287,2024-03-19,42403190588,승인,영인에스티 주식회사,남종우,배용숙,Methanol Solution - Acidified,STD 77002-01 M9 VALIDATION KITWITH MP CAL&VER ABOVE KIT,United States,3,3822.19-3020,WEB,Y,,2024-03-19,,,,,O,,,O,,,,O,,,,,
STD77050-01,288,2024-03-19,42403190566,승인,영인에스티 주식회사,남종우,배용숙,Potassium Chloride (KCl) Solution- Conductivity Standard,STD 77050-01 CONDUCTIVITY VERIFICATION SET 100 US/CM KCI,United States,3,3822.19-3099,WEB,Y,,2024-03-19,,,,,O,,,,,,,,,,,,
STD77002-01,289,2024-03-19,42403190591,승인,영인에스티 주식회사,남종우,배용숙,Potassium Hydrogen Phthalate (KHP) Solution,STD 77002-01 M9 VALIDATION KITWITH MP CAL&VER ABOVE KIT,United States,3,3822.19-3099,WEB,Y,,2024-03-19,,,,,O,,,,,,,,,,,,
STD74409-01,290,2024-03-19,42403190570,승인,영인에스티 주식회사,남종우,배용숙,Potassium Hydrogen Phthalate (KHP) Solution- Acidified,STD 74409-01 SPECIFICITY SET,United States,3,3822.19-3020,WEB,Y,,2024-03-19,,,,,O,,,,,,,,,,,,
STD90018-01,291,2024-03-19,42403190605,승인,영인에스티 주식회사,남종우,배용숙,Sucrose Solution,"STD 90018-01 M-SERIES CAL & VER KIT, 10 MG/L ABOVE KIT MADEUP WITH FOLLOWING 2 ITEMS",United States,3,3822.19-3099,WEB,Y,,2024-03-19,,,,,O,,,,,,,,,,,,
STD74616,292,2024-03-19,42403190572,승인,영인에스티 주식회사,남종우,배용숙,Potassium Hydrogen Phthalate (KHP) Solution- Acidified,STD 74616 500 MULTIPT CAL A&B/VER SET ABOVE KIT MADE UP WITH FOLLOWING 2 ITEMS,United States,3,3822.19-3020,WEB,Y,,2024-03-19,,,,,O,,,,,,,,,,,,
STD77002-01,293,2024-03-19,42403190590,승인,영인에스티 주식회사,남종우,배용숙,Potassium Hydrogen Phthalate (KHP) Solution- Acidified,STD 77002-01 M9 VALIDATION KITWITH MP CAL&VER ABOVE KIT,United States,3,3822.19-3020,WEB,Y,,2024-03-19,,,,,O,,,,,,,,,,,,
STD77013-01,294,2024-03-19,42403190585,승인,영인에스티 주식회사,남종우,배용숙,"Water (Reagent Water, Rw) - Acidified","STD 77013-01 ACCURACY/PROCISION, 8 PPM",United States,3,3822.19-3099,WEB,Y,,2024-03-19,,,,,O,,,,,,,,,,,,
STD77004-01,295,2024-03-19,42403190582,승인,영인에스티 주식회사,남종우,배용숙,"1,4-Benzoquinone (BQ) Solution - Acidified",STD 77004-01 STERILE WATER SUITABILITY 8 PPM,United States,3,3822.19-3020,WEB,Y,,2024-03-19,,,,,O,,,O,,,,,,,,,
STD77013-01,296,2024-03-19,42403190586,승인,영인에스티 주식회사,남종우,배용숙,Sucrose Solution - Acidified,"STD 77013-01 ACCURACY/PROCISION, 8 PPM",United States,3,3822.19-3020,WEB,Y,,2024-03-19,,,,,O,,,,,,,,,,,,
STD77002-01,297,2024-03-19,42403190593,승인,영인에스티 주식회사,남종우,배용숙,Sodium Carbonate Solution,STD 77002-01 M9 VALIDATION KITWITH MP CAL&VER ABOVE KIT,United States,3,3822.19-3099,WEB,Y,,2024-03-19,,,,,O,,,,,,,,,,,,
STD77002-01,298,2024-03-19,42403190594,승인,영인에스티 주식회사,남종우,배용숙,Sucrose Solution,STD 77002-01 M9 VALIDATION KITWITH MP CAL&VER ABOVE KIT,United States,3,3822.19-3099,WEB,Y,,2024-03-19,,,,,O,,,,,,,,,,,,
STD77002-01,299,2024-03-19,42403190597,승인,영인에스티 주식회사,남종우,배용숙,"Water (Reagent Water, Rw)",STD 77002-01 M9 VALIDATION KITWITH MP CAL&VER ABOVE KIT,United States,3,3822.19-3099,WEB,Y,,2024-03-19,,,,,O,,,,,,,,,,,,
STD74409-01,300,2024-03-19,42403190568,승인,영인에스티 주식회사,남종우,배용숙,Methanol Solution - Acidified,STD 74409-01 SPECIFICITY SET,United States,3,3822.19-3020,WEB,Y,,2024-03-19,,,,,O,,,O,,,,O,,,,,
STD74512-TOC5SIOSSP,301,2024-03-19,42403190564,승인,영인에스티 주식회사,남종우,배용숙,Sucrose Solution - Acidified,"STD 74512-TOC5,SIOS,SP CAL/VER KIT",United States,3,3822.19-3020,WEB,Y,,2024-03-19,,,,,O,,,,,,,,,,,,
STD74512-TOC5SIOSSP,302,2024-03-19,42403190565,승인,영인에스티 주식회사,남종우,배용숙,Hydrochloric (HCl) Acid Solution- Conductivity Standard,"STD 74512-TOC5,SIOS,SP CAL/VER KIT",United States,3,3822.19-3099,WEB,Y,,2024-03-19,,,,,O,,,O,,,,O,,,,,
STD74505,303,2024-03-19,42403190041,승인,영인에스티 주식회사,남종우,배용숙,Potassium Hydrogen Phthalate (KHP) Solution- Acidified,STD 74505 SINGLE POINT CAL SET A,United States,3,3822.19-3020,WEB,Y,,2024-03-19,,,,,O,,,,,,,,,,,,
STD74522,304,2024-03-19,42403190005,승인,영인에스티 주식회사,남종우,배용숙,Potassium Hydrogen Phthalate (KHP) Solution- Acidified,STD 74522 M500/500 SIOS SINGLEPT CAL/VER TOC ONLY ABOVE KITMADE UP WITH FOLLOWING 4 ITEMS,United States,3,3822.19-3020,WEB,Y,,2024-03-19,,,,,O,,,,,,,,,,,,
STD74522,305,2024-03-19,42403190006,승인,영인에스티 주식회사,남종우,배용숙,"Water (Reagent Water, Rw) - Acidified",STD 74522 M500/500 SIOS SINGLEPT CAL/VER TOC ONLY ABOVE KITMADE UP WITH FOLLOWING 4 ITEMS,United States,3,3822.19-3099,WEB,Y,,2024-03-19,,,,,O,,,,,,,,,,,,
STD74402,306,2024-03-19,42403190037,승인,영인에스티 주식회사,남종우,배용숙,Hydrochloric (HCl) Acid Solution- Conductivity Standard,STD 74402 500 ACC/PREC/VER SET,United States,3,3822.19-3099,WEB,Y,,2024-03-19,,,,,O,,,O,,,,O,,,,,
STD74522,307,2024-03-19,42403190007,승인,영인에스티 주식회사,남종우,배용숙,Sucrose Solution - Acidified,STD 74522 M500/500 SIOS SINGLEPT CAL/VER TOC ONLY ABOVE KITMADE UP WITH FOLLOWING 4 ITEMS,United States,3,3822.19-3020,WEB,Y,,2024-03-19,,,,,O,,,,,,,,,,,,
STD74403,308,2024-03-19,42403190008,승인,영인에스티 주식회사,남종우,배용숙,"WATER, (RINSE WATER)",STD 74403 500/860 SYSTEM SUITABILITY SET,United States,3,3822.19-3099,WEB,Y,,2024-03-19,,,,,O,,,,,,,,,,,,
STD74403,309,2024-03-19,42403190009,승인,영인에스티 주식회사,남종우,배용숙,"1,4-Benzoquinone (BQ) Solution - Acidified",STD 74403 500/860 SYSTEM SUITABILITY SET,United States,3,3822.19-3020,WEB,Y,,2024-03-19,,,,,O,,,O,,,,,,,,,
STD90025,310,2024-03-19,42403190033,승인,영인에스티 주식회사,남종우,배용숙,"Water (Reagent Water, Rw)",STD 90025 900 VALIDATION KIT WITH CAL & VER,United States,3,3822.19-3099,WEB,Y,,2024-03-19,,,,,O,,,,,,,,,,,,
STD74403,311,2024-03-19,42403190010,승인,영인에스티 주식회사,남종우,배용숙,"Water (Reagent Water, Rw) - Acidified",STD 74403 500/860 SYSTEM SUITABILITY SET,United States,3,3822.19-3099,WEB,Y,,2024-03-19,,,,,O,,,,,,,,,,,,
STD90025,312,2024-03-19,42403190028,승인,영인에스티 주식회사,남종우,배용숙,Potassium Hydrogen Phthalate (KHP) Solution- Acidified,STD 90025 900 VALIDATION KIT WITH CAL & VER,United States,3,3822.19-3020,WEB,Y,,2024-03-19,,,,,O,,,,,,,,,,,,
STD74403,313,2024-03-19,42403190011,승인,영인에스티 주식회사,남종우,배용숙,Sucrose Solution - Acidified,STD 74403 500/860 SYSTEM SUITABILITY SET,United States,3,3822.19-3020,WEB,Y,,2024-03-19,,,,,O,,,,,,,,,,,,
STD78634-01,314,2024-03-19,42403190012,승인,영인에스티 주식회사,남종우,배용숙,"1,4-Benzoquinone (BQ) Solution - Acidified",STD 78634-01 M500 MULTI-POINTVALIDATION SET ABOVE KIT MADEUP WITH FOLLOWING 11 ITEMS,United States,3,3822.19-3020,WEB,Y,,2024-03-19,,,,,O,,,O,,,,,,,,,
STD78634-01,315,2024-03-19,42403190014,승인,영인에스티 주식회사,남종우,배용숙,"1,4-Benzoquinone (BQ) Solution",STD 78634-01 M500 MULTI-POINTVALIDATION SET ABOVE KIT MADEUP WITH FOLLOWING 11 ITEMS,United States,3,3822.19-3099,WEB,Y,,2024-03-19,,,,,O,,,O,,,,,,,,,
STD90025,316,2024-03-19,42403190024,승인,영인에스티 주식회사,남종우,배용숙,"1,4-Benzoquinone (BQ) Solution - Acidified",STD 90025 900 VALIDATION KIT WITH CAL & VER,United States,3,3822.19-3020,WEB,Y,,2024-03-19,,,,,O,,,O,,,,,,,,,
STD78634-01,317,2024-03-19,42403190015,승인,영인에스티 주식회사,남종우,배용숙,Methanol Solution - Acidified,STD 78634-01 M500 MULTI-POINTVALIDATION SET ABOVE KIT MADEUP WITH FOLLOWING 11 ITEMS,United States,3,3822.19-3020,WEB,Y,,2024-03-19,,,,,O,,,O,,,,O,,,,,
STD78634-01,318,2024-03-19,42403190017,승인,영인에스티 주식회사,남종우,배용숙,Potassium Chloride (KCl) Solution- Conductivity Standard,STD 78634-01 M500 MULTI-POINTVALIDATION SET ABOVE KIT MADEUP WITH FOLLOWING 11 ITEMS,United States,3,3822.19-3099,WEB,Y,,2024-03-19,,,,,O,,,,,,,,,,,,
STD78634-01,319,2024-03-19,42403190018,승인,영인에스티 주식회사,남종우,배용숙,Potassium Hydrogen Phthalate (KHP) Solution- Acidified,STD 78634-01 M500 MULTI-POINTVALIDATION SET ABOVE KIT MADEUP WITH FOLLOWING 11 ITEMS,United States,3,3822.19-3020,WEB,Y,,2024-03-19,,,,,O,,,,,,,,,,,,
STD78634-01,320,2024-03-19,42403190019,승인,영인에스티 주식회사,남종우,배용숙,"Water (Reagent Water, Rw) - Acidified",STD 78634-01 M500 MULTI-POINTVALIDATION SET ABOVE KIT MADEUP WITH FOLLOWING 11 ITEMS,United States,3,3822.19-3099,WEB,Y,,2024-03-19,,,,,O,,,,,,,,,,,,
STD78634-01,321,2024-03-19,42403190020,승인,영인에스티 주식회사,남종우,배용숙,Sucrose Solution,STD 78634-01 M500 MULTI-POINTVALIDATION SET ABOVE KIT MADEUP WITH FOLLOWING 11 ITEMS,United States,3,3822.19-3099,WEB,Y,,2024-03-19,,,,,O,,,,,,,,,,,,
STD78634-01,322,2024-03-19,42403190021,승인,영인에스티 주식회사,남종우,배용숙,Sucrose Solution - Acidified,STD 78634-01 M500 MULTI-POINTVALIDATION SET ABOVE KIT MADEUP WITH FOLLOWING 11 ITEMS,United States,3,3822.19-3020,WEB,Y,,2024-03-19,,,,,O,,,,,,,,,,,,
STD78634-01,323,2024-03-19,42403190022,승인,영인에스티 주식회사,남종우,배용숙,"Water (Reagent Water, Rw) - Acidified",STD 78634-01 M500 MULTI-POINTVALIDATION SET ABOVE KIT MADEUP WITH FOLLOWING 11 ITEMS,United States,3,3822.19-3099,WEB,Y,,2024-03-19,,,,,O,,,,,,,,,,,,
STD90025,324,2024-03-19,42403190025,승인,영인에스티 주식회사,남종우,배용숙,"1,4-Benzoquinone (BQ) Solution",STD 90025 900 VALIDATION KIT WITH CAL & VER,United States,3,3822.19-3099,WEB,Y,,2024-03-19,,,,,O,,,O,,,,,,,,,
STD90025,325,2024-03-19,42403190026,승인,영인에스티 주식회사,남종우,배용숙,Methanol Solution - Acidified,STD 90025 900 VALIDATION KIT WITH CAL & VER,United States,3,3822.19-3020,WEB,Y,,2024-03-19,,,,,O,,,O,,,,O,,,,,
STD90025,326,2024-03-19,42403190029,승인,영인에스티 주식회사,남종우,배용숙,"Water (Reagent Water, Rw) - Acidified",STD 90025 900 VALIDATION KIT WITH CAL & VER,United States,3,3822.19-3099,WEB,Y,,2024-03-19,,,,,O,,,,,,,,,,,,
STD90025,327,2024-03-19,42403190030,승인,영인에스티 주식회사,남종우,배용숙,Sucrose Solution,STD 90025 900 VALIDATION KIT WITH CAL & VER,United States,3,3822.19-3099,WEB,Y,,2024-03-19,,,,,O,,,,,,,,,,,,
STD90025,328,2024-03-19,42403190031,승인,영인에스티 주식회사,남종우,배용숙,Sucrose Solution - Acidified,STD 90025 900 VALIDATION KIT WITH CAL & VER,United States,3,3822.19-3020,WEB,Y,,2024-03-19,,,,,O,,,,,,,,,,,,
APF90311-01,329,2024-03-19,42403190034,승인,영인에스티 주식회사,남종우,배용숙,Phosphoric Acid Reagent 45%,"APF 90311-01 ACID CARTRIDGE,SEML ONLY",United States,3,3822.19-3099,WEB,Y,,2024-03-19,,,,,O,,,,,,,,,,,,
STD74402,330,2024-03-19,42403190035,승인,영인에스티 주식회사,남종우,배용숙,Potassium Hydrogen Phthalate (KHP) Solution- Acidified,STD 74402 500 ACC/PREC/VER SET,United States,3,3822.19-3020,WEB,Y,,2024-03-19,,,,,O,,,,,,,,,,,,
STD74402,331,2024-03-19,42403190036,승인,영인에스티 주식회사,남종우,배용숙,"Water (Reagent Water, Rw) - Acidified",STD 74402 500 ACC/PREC/VER SET,United States,3,3822.19-3099,WEB,Y,,2024-03-19,,,,,O,,,,,,,,,,,,
STD31003-04,332,2024-03-19,42403190038,승인,영인에스티 주식회사,남종우,배용숙,"1,4-Benzoquinone (BQ) Solution - Acidified",STD 31003-04 CHECKPOINT SYSTEM SUITABILITY SET,United States,3,3822.19-3020,WEB,Y,,2024-03-19,,,,,O,,,O,,,,,,,,,
STD31003-04,333,2024-03-19,42403190039,승인,영인에스티 주식회사,남종우,배용숙,"Water (Reagent Water, Rw) - Acidified",STD 31003-04 CHECKPOINT SYSTEM SUITABILITY SET,United States,3,3822.19-3099,WEB,Y,,2024-03-19,,,,,O,,,,,,,,,,,,
STD31003-04,334,2024-03-19,42403190040,승인,영인에스티 주식회사,남종우,배용숙,Sucrose Solution - Acidified,STD 31003-04 CHECKPOINT SYSTEM SUITABILITY SET,United States,3,3822.19-3020,WEB,Y,,2024-03-19,,,,,O,,,,,,,,,,,,
STD74505,335,2024-03-19,42403190042,승인,영인에스티 주식회사,남종우,배용숙,"Water (Reagent Water, Rw) - Acidified",STD 74505 SINGLE POINT CAL SET A,United States,3,3822.19-3099,WEB,Y,,2024-03-19,,,,,O,,,,,,,,,,,,
STD74622,336,2024-03-18,42403180228,승인,영인에스티 주식회사,남종우,배용숙,Sucrose Solution - Acidified,STD 74622 M500/500/860 SINGLEPT CAL/VER TOC ONLY ABOVE KITMADE UP WITH FOLLOWING 2 ITEMS,United States,3,3822.19-3020,WEB,Y,,2024-03-18,,,,,O,,,,,,,,,,,,
STD74622,337,2024-03-18,42403180226,승인,영인에스티 주식회사,남종우,배용숙,Potassium Hydrogen Phthalate (KHP) Solution- Acidified,STD 74622 M500/500/860 SINGLEPT CAL/VER TOC ONLY ABOVE KITMADE UP WITH FOLLOWING 2 ITEMS,United States,3,3822.19-3020,WEB,Y,,2024-03-18,,,,,O,,,,,,,,,,,,
STD74502,338,2024-03-18,42403180225,승인,영인에스티 주식회사,남종우,배용숙,Hydrochloric (HCl) Acid Solution- Conductivity Standard,STD 74502 500 SUPER IOS ACC/PREC/VER SET,United States,3,3822.19-3099,WEB,Y,,2024-03-18,,,,,O,,,O,,,,O,,,,,
STD74502,339,2024-03-18,42403180224,승인,영인에스티 주식회사,남종우,배용숙,Sucrose Solution - Acidified,STD 74502 500 SUPER IOS ACC/PREC/VER SET,United States,3,3822.19-3020,WEB,Y,,2024-03-18,,,,,O,,,,,,,,,,,,
STD74502,340,2024-03-18,42403180223,승인,영인에스티 주식회사,남종우,배용숙,"Water (Reagent Water, Rw) - Acidified",STD 74502 500 SUPER IOS ACC/PREC/VER SET,United States,3,3822.19-3099,WEB,Y,,2024-03-18,,,,,O,,,,,,,,,,,,
STD77026-01,341,2024-03-18,42403180222,승인,영인에스티 주식회사,남종우,배용숙,Potassium Chloride (KCl) Solution- Conductivity Standard,"STD 77026-01-TOC9, 1.4mS/cm KCI CONDUCTIVITY",United States,3,3822.19-3099,WEB,Y,,2024-03-18,,,,,O,,,,,,,,,,,,
STD74452-01,342,2024-03-18,42403180221,승인,영인에스티 주식회사,남종우,배용숙,Sucrose Solution - Acidified,STD 74452-01 M500 SYSTEM SUITABILITY SET,United States,3,3822.19-3020,WEB,Y,,2024-03-18,,,,,O,,,,,,,,,,,,
STD74452-01,343,2024-03-18,42403180220,승인,영인에스티 주식회사,남종우,배용숙,"Water (Reagent Water, Rw) - Acidified",STD 74452-01 M500 SYSTEM SUITABILITY SET,United States,3,3822.19-3099,WEB,Y,,2024-03-18,,,,,O,,,,,,,,,,,,
STD74552-01,344,2024-03-18,42403180219,승인,영인에스티 주식회사,남종우,배용숙,"1,4-Benzoquinone (BQ) Solution - Acidified",STD 74552-01 SYSTEM SUNIT,United States,3,3822.19-3020,WEB,Y,,2024-03-18,,,,,O,,,O,,,,,,,,,
STD74401,345,2024-03-18,42403180218,승인,영인에스티 주식회사,남종우,배용숙,Hydrochloric (HCl) Acid Solution- Conductivity Standard,STD 74401 500 SINGLE PT CAL SET A,United States,3,3822.19-3099,WEB,Y,,2024-03-18,,,,,O,,,O,,,,O,,,,,
STD74401,346,2024-03-18,42403180217,승인,영인에스티 주식회사,남종우,배용숙,"Water (Reagent Water, Rw) - Acidified",STD 74401 500 SINGLE PT CAL SET A,United States,3,3822.19-3099,WEB,Y,,2024-03-18,,,,,O,,,,,,,,,,,,
STD74401,347,2024-03-18,42403180216,승인,영인에스티 주식회사,남종우,배용숙,Potassium Hydrogen Phthalate (KHP) Solution- Acidified,STD 74401 500 SINGLE PT CAL SET A,United States,3,3822.19-3020,WEB,Y,,2024-03-18,,,,,O,,,,,,,,,,,,
STD77000-01,348,2024-03-18,42403180215,승인,영인에스티 주식회사,남종우,배용숙,"Water (Reagent Water, Rw)",STD 77000-01 M9 VALIDATION KITWITH CAL & VER ABOVE KIT MADEUP WITH FOLLOWING 7 ITEMS,United States,3,3822.19-3099,WEB,Y,,2024-03-18,,,,,O,,,,,,,,,,,,
STD77001-01,349,2024-03-18,42403180214,승인,영인에스티 주식회사,남종우,배용숙,Sucrose Solution - Acidified,STD 77001-01 M9 VALIDATION KIT WITH CAL & VER ABOVE KIT,United States,3,3822.19-3020,WEB,Y,,2024-03-18,,,,,O,,,,,,,,,,,,
STD77001-01,350,2024-03-18,42403180211,승인,영인에스티 주식회사,남종우,배용숙,"Water (Reagent Water, Rw) - Acidified",STD 77001-01 M9 VALIDATION KIT WITH CAL & VER ABOVE KIT,United States,3,3822.19-3099,WEB,Y,,2024-03-18,,,,,O,,,,,,,,,,,,
STD77001-01,351,2024-03-18,42403180212,승인,영인에스티 주식회사,남종우,배용숙,Sodium Carbonate Solution,STD 77001-01 M9 VALIDATION KIT WITH CAL & VER ABOVE KIT,United States,3,3822.19-3099,WEB,Y,,2024-03-18,,,,,O,,,,,,,,,,,,
STD77001-01,352,2024-03-18,42403180210,승인,영인에스티 주식회사,남종우,배용숙,Potassium Hydrogen Phthalate (KHP) Solution,STD 77001-01 M9 VALIDATION KIT WITH CAL & VER ABOVE KIT,United States,3,3822.19-3099,WEB,Y,,2024-03-18,,,,,O,,,,,,,,,,,,
STD77001-01,353,2024-03-18,42403180209,승인,영인에스티 주식회사,남종우,배용숙,Potassium Hydrogen Phthalate (KHP) Solution- Acidified,STD 77001-01 M9 VALIDATION KIT WITH CAL & VER ABOVE KIT,United States,3,3822.19-3020,WEB,Y,,2024-03-18,,,,,O,,,,,,,,,,,,
STD77001-01,354,2024-03-18,42403180208,승인,영인에스티 주식회사,남종우,배용숙,Nicotinamide Solution - Acidified,STD 77001-01 M9 VALIDATION KIT WITH CAL & VER ABOVE KIT,United States,3,3822.19-3020,WEB,Y,,2024-03-18,,,,,O,,,,,,,,,,,,
STD77001-01,355,2024-03-18,42403180207,승인,영인에스티 주식회사,남종우,배용숙,Methanol Solution - Acidified,STD 77001-01 M9 VALIDATION KIT WITH CAL & VER ABOVE KIT,United States,3,3822.19-3020,WEB,Y,,2024-03-18,,,,,O,,,O,,,,O,,,,,
STD77001-01,356,2024-03-18,42403180206,승인,영인에스티 주식회사,남종우,배용숙,"1,4-Benzoquinone (BQ) Solution",STD 77001-01 M9 VALIDATION KIT WITH CAL & VER ABOVE KIT,United States,3,3822.19-3099,WEB,Y,,2024-03-18,,,,,O,,,O,,,,,,,,,
STD77001-01,357,2024-03-18,42403180205,승인,영인에스티 주식회사,남종우,배용숙,"1,4-Benzoquinone (BQ) Solution - Acidified",STD 77001-01 M9 VALIDATION KIT WITH CAL & VER ABOVE KIT,United States,3,3822.19-3020,WEB,Y,,2024-03-18,,,,,O,,,O,,,,,,,,,
STD74516,358,2024-03-18,42403180204,승인,영인에스티 주식회사,남종우,배용숙,Hydrochloric (HCl) Acid Solution- Conductivity Standard,STD 74516 500 SUPER IOS MULTIPT CAL A&B/VER ABOVE KIT,United States,3,3822.19-3099,WEB,Y,,2024-03-18,,,,,O,,,O,,,,O,,,,,
STD74516,359,2024-03-18,42403180203,승인,영인에스티 주식회사,남종우,배용숙,Sucrose Solution - Acidified,STD 74516 500 SUPER IOS MULTIPT CAL A&B/VER ABOVE KIT,United States,3,3822.19-3020,WEB,Y,,2024-03-18,,,,,O,,,,,,,,,,,,
STD74516,360,2024-03-18,42403180202,승인,영인에스티 주식회사,남종우,배용숙,"Water (Reagent Water, Rw) - Acidified",STD 74516 500 SUPER IOS MULTIPT CAL A&B/VER ABOVE KIT,United States,3,3822.19-3099,WEB,Y,,2024-03-18,,,,,O,,,,,,,,,,,,
STD74516,361,2024-03-18,42403180201,승인,영인에스티 주식회사,남종우,배용숙,Potassium Hydrogen Phthalate (KHP) Solution- Acidified,STD 74516 500 SUPER IOS MULTIPT CAL A&B/VER ABOVE KIT,United States,3,3822.19-3020,WEB,Y,,2024-03-18,,,,,O,,,,,,,,,,,,
STD74622,362,2024-03-18,42403180227,승인,영인에스티 주식회사,남종우,배용숙,"Water (Reagent Water, Rw) - Acidified",STD 74622 M500/500/860 SINGLEPT CAL/VER TOC ONLY ABOVE KITMADE UP WITH FOLLOWING 2 ITEMS,United States,3,3822.19-3099,WEB,Y,,2024-03-18,,,,,O,,,,,,,,,,,,
STD77000-01,363,2024-03-18,42403180213,승인,영인에스티 주식회사,남종우,배용숙,Sucrose Solution,STD 77000-01 M9 VALIDATION KITWITH CAL & VER ABOVE KIT MADEUP WITH FOLLOWING 7 ITEMS,United States,3,3822.19-3099,WEB,Y,,2024-03-18,,,,,O,,,,,,,,,,,,
APF90300-02,364,2024-03-15,42403130009,승인,영인에스티 주식회사,남종우,배용숙,Buffered Ammonium Persulfate Reagent,"APF 90300-02 OXIDIZER CARTRIDGE,HIGH CAPACITY",United States,3,3822.19-3020,WEB,Y,,2024-03-13,,,,,O,,,,,,,,,,,,
APF90150-02,365,2024-03-15,42403120459,승인,영인에스티 주식회사,남종우,배용숙,Buffered Ammonium Persulfate Solution,APF 90150-02 OXIDIZER CARTRIDGE,United States,3,3822.19-3020,WEB,Y,,2024-03-12,,,,,O,,,,,,,,,,,,
STD74452-01,366,2024-03-15,42403130005,승인,영인에스티 주식회사,남종우,배용숙,Hydrogen Peroxide Rinse,STD 74452-01 M500 SYSTEM SUITABILITY SET,United States,3,3822.19-3099,WEB,Y,,2024-03-13,,,,,O,,,,,,,,,,,,
STD74626,367,2024-03-15,42403130020,승인,영인에스티 주식회사,남종우,배용숙,Potassium Hydrogen Phthalate (KHP) Solution- Acidified,STD 74626 500 MULTI PT CAL/VER SET TOC ONLY ABOVE KIT MADE UP WITH FOLLOWING 3 ITEMS,United States,3,3822.19-3020,WEB,Y,,2024-03-13,,,,,O,,,,,,,,,,,,
STD74626,368,2024-03-15,42403130021,승인,영인에스티 주식회사,남종우,배용숙,"Water (Reagent Water, Rw) - Acidified",STD 74626 500 MULTI PT CAL/VER SET TOC ONLY ABOVE KIT MADE UP WITH FOLLOWING 3 ITEMS,United States,3,3822.19-3099,WEB,Y,,2024-03-13,,,,,O,,,,,,,,,,,,
STD74626,369,2024-03-15,42403130023,승인,영인에스티 주식회사,남종우,배용숙,Sucrose Solution - Acidified,STD 74626 500 MULTI PT CAL/VER SET TOC ONLY ABOVE KIT MADE UP WITH FOLLOWING 3 ITEMS,United States,3,3822.19-3020,WEB,Y,,2024-03-13,,,,,O,,,,,,,,,,,,
STD74503,370,2024-03-15,42403130024,승인,영인에스티 주식회사,남종우,배용숙,"1,4-Benzoquinone (BQ) Solution - Acidified",STD 74503 500 SUPER IOS SYSTEM SUITABILITY,United States,3,3822.19-3020,WEB,Y,,2024-03-13,,,,,O,,,O,,,,,,,,,
STD74503,371,2024-03-15,42403130026,승인,영인에스티 주식회사,남종우,배용숙,"Water (Reagent Water, Rw) - Acidified",STD 74503 500 SUPER IOS SYSTEM SUITABILITY,United States,3,3822.19-3099,WEB,Y,,2024-03-13,,,,,O,,,,,,,,,,,,
STD74503,372,2024-03-15,42403130027,승인,영인에스티 주식회사,남종우,배용숙,Sucrose Solution - Acidified,STD 74503 500 SUPER IOS SYSTEM SUITABILITY,United States,3,3822.19-3020,WEB,Y,,2024-03-13,,,,,O,,,,,,,,,,,,
STD31004-01,373,2024-03-15,42403120462,승인,영인에스티 주식회사,남종우,배용숙,"1,4-Benzoquinone (BQ) Solution - Acidified",STD 31004-01 M9/900 SYSTEM SUITABILITY SET,United States,3,3822.19-3020,WEB,Y,,2024-03-12,,,,,O,,,O,,,,,,,,,
STD74470-01,374,2024-03-15,42403130029,승인,영인에스티 주식회사,남종우,배용숙,Potassium Chloride (KCl) Solution- Conductivity Standard,"STD 74470-01 M500 SINGLE POINT CONDUCTIVITY CAL STD, 100US/CM",United States,3,3822.19-3099,WEB,Y,,2024-03-13,,,,,O,,,,,,,,,,,,
STD74407,375,2024-03-15,42403130031,승인,영인에스티 주식회사,남종우,배용숙,"1,4-Benzoquinone (BQ) Solution - Acidified",STD 74407 M500/500/860 ACC/PREC VER SET TOC ONLY,United States,3,3822.19-3020,WEB,Y,,2024-03-13,,,,,O,,,O,,,,,,,,,
STD31004-01,376,2024-03-15,42403130003,승인,영인에스티 주식회사,남종우,배용숙,"Water (Reagent Water, Rw) - Acidified",STD 31004-01 M9/900 SYSTEM SUITABILITY SET,United States,3,3822.19-3099,WEB,Y,,2024-03-13,,,,,O,,,,,,,,,,,,
STD74407,377,2024-03-15,42403130035,승인,영인에스티 주식회사,남종우,배용숙,Sucrose Solution - Acidified,STD 74407 M500/500/860 ACC/PREC VER SET TOC ONLY,United States,3,3822.19-3020,WEB,Y,,2024-03-13,,,,,O,,,,,,,,,,,,
STD77030-01,378,2024-03-15,42403130036,승인,영인에스티 주식회사,남종우,배용숙,Hydrochloric (HCl) Acid Solution- Conductivity Standard,STD 77030-01 M9 CONDUCTIVITY VERIFICATION STD,United States,3,3822.19-3099,WEB,Y,,2024-03-13,,,,,O,,,O,,,,O,,,,,
STD31004-01,379,2024-03-15,42403130004,승인,영인에스티 주식회사,남종우,배용숙,Sucrose Solution - Acidified,STD 31004-01 M9/900 SYSTEM SUITABILITY SET,United States,3,3822.19-3020,WEB,Y,,2024-03-13,,,,,O,,,,,,,,,,,,
STD77000-01,380,2024-03-15,42403130047,승인,영인에스티 주식회사,남종우,배용숙,"1,4-Benzoquinone (BQ) Solution - Acidified",STD 77000-01 M9 VALIDATION KITWITH CAL & VER ABOVE KIT MADEUP WITH FOLLOWING 7 ITEMS,United States,3,3822.19-3020,WEB,Y,,2024-03-13,,,,,O,,,O,,,,,,,,,
STD77000-01,381,2024-03-15,42403130048,승인,영인에스티 주식회사,남종우,배용숙,Methanol Solution - Acidified,STD 77000-01 M9 VALIDATION KITWITH CAL & VER ABOVE KIT MADEUP WITH FOLLOWING 7 ITEMS,United States,3,3822.19-3020,WEB,Y,,2024-03-13,,,,,O,,,O,,,,O,,,,,
STD74452-01,382,2024-03-15,42403130006,승인,영인에스티 주식회사,남종우,배용숙,"Water (Reagent Water, Rw) - Acidified",STD 74452-01 M500 SYSTEM SUITABILITY SET,United States,3,3822.19-3099,WEB,Y,,2024-03-13,,,,,O,,,,,,,,,,,,
STD77000-01,383,2024-03-15,42403130049,승인,영인에스티 주식회사,남종우,배용숙,Nicotinamide Solution - Acidified,STD 77000-01 M9 VALIDATION KITWITH CAL & VER ABOVE KIT MADEUP WITH FOLLOWING 7 ITEMS,United States,3,3822.19-3020,WEB,Y,,2024-03-13,,,,,O,,,,,,,,,,,,
STD77000-01,384,2024-03-15,42403130050,승인,영인에스티 주식회사,남종우,배용숙,Potassium Hydrogen Phthalate (KHP) Solution- Acidified,STD 77000-01 M9 VALIDATION KITWITH CAL & VER ABOVE KIT MADEUP WITH FOLLOWING 7 ITEMS,United States,3,3822.19-3020,WEB,Y,,2024-03-13,,,,,O,,,,,,,,,,,,
STD74452-01,385,2024-03-15,42403130008,승인,영인에스티 주식회사,남종우,배용숙,Sucrose Solution - Acidified,STD 74452-01 M500 SYSTEM SUITABILITY SET,United States,3,3822.19-3020,WEB,Y,,2024-03-13,,,,,O,,,,,,,,,,,,
STD77000-01,386,2024-03-15,42403130051,승인,영인에스티 주식회사,남종우,배용숙,Potassium Hydrogen Phthalate (KHP) Solution,STD 77000-01 M9 VALIDATION KITWITH CAL & VER ABOVE KIT MADEUP WITH FOLLOWING 7 ITEMS,United States,3,3822.19-3099,WEB,Y,,2024-03-13,,,,,O,,,,,,,,,,,,
STD77000-01,387,2024-03-15,42403130052,승인,영인에스티 주식회사,남종우,배용숙,"Water (Reagent Water, Rw) - Acidified",STD 77000-01 M9 VALIDATION KITWITH CAL & VER ABOVE KIT MADEUP WITH FOLLOWING 7 ITEMS,United States,3,3822.19-3099,WEB,Y,,2024-03-13,,,,,O,,,,,,,,,,,,
STD90026,388,2024-03-15,42403130012,승인,영인에스티 주식회사,남종우,배용숙,Sodium Carbonate Solution,STD 90026 M9/900 1MG/L CAL 500 UG/L VER KIT ABOVE KIT MADE UP WITH FOLLOWING 2 ITEMS,United States,3,3822.19-3099,WEB,Y,,2024-03-13,,,,,O,,,,,,,,,,,,
STD77000-01,389,2024-03-15,42403130055,승인,영인에스티 주식회사,남종우,배용숙,Sodium Carbonate Solution,STD 77000-01 M9 VALIDATION KITWITH CAL & VER ABOVE KIT MADEUP WITH FOLLOWING 7 ITEMS,United States,3,3822.19-3099,WEB,Y,,2024-03-13,,,,,O,,,,,,,,,,,,
STD77000-01,390,2024-03-15,42403130057,승인,영인에스티 주식회사,남종우,배용숙,Sucrose Solution,STD 77000-01 M9 VALIDATION KITWITH CAL & VER ABOVE KIT MADEUP WITH FOLLOWING 7 ITEMS,United States,3,3822.19-3099,WEB,Y,,2024-03-13,,,,,O,,,,,,,,,,,,
STD90026,391,2024-03-15,42403130013,승인,영인에스티 주식회사,남종우,배용숙,Sucrose Solution,STD 90026 M9/900 1MG/L CAL 500 UG/L VER KIT ABOVE KIT MADE UP WITH FOLLOWING 2 ITEMS,United States,3,3822.19-3099,WEB,Y,,2024-03-13,,,,,O,,,,,,,,,,,,
STD77000-01,392,2024-03-15,42403130058,승인,영인에스티 주식회사,남종우,배용숙,Sucrose Solution - Acidified,STD 77000-01 M9 VALIDATION KITWITH CAL & VER ABOVE KIT MADEUP WITH FOLLOWING 7 ITEMS,United States,3,3822.19-3020,WEB,Y,,2024-03-13,,,,,O,,,,,,,,,,,,
STD77000-01,393,2024-03-15,42403130060,승인,영인에스티 주식회사,남종우,배용숙,"Water (Reagent Water, Rw)",STD 77000-01 M9 VALIDATION KITWITH CAL & VER ABOVE KIT MADEUP WITH FOLLOWING 7 ITEMS,United States,3,3822.19-3099,WEB,Y,,2024-03-13,,,,,O,,,,,,,,,,,,
STD90010-01,394,2024-03-15,42403130014,승인,영인에스티 주식회사,남종우,배용숙,"Water (Reagent Water, Rw)","STD 90010-01 M-SERIES SINGLEPT CAL, 1 MG C/L",United States,3,3822.19-3099,WEB,Y,,2024-03-13,,,,,O,,,,,,,,,,,,
STD74471-01,395,2024-03-15,42403130015,승인,영인에스티 주식회사,남종우,배용숙,Potassium Chloride (KCl) Solution- Conductivity Standard,STD 74471-01 M500 CONDUCTIVITY VERIFICATION SET 25 US/CM KCI,United States,3,3822.19-3099,WEB,Y,,2024-03-13,,,,,O,,,,,,,,,,,,
STD74612,396,2024-03-15,42403130016,승인,영인에스티 주식회사,남종우,배용숙,Potassium Hydrogen Phthalate (KHP) Solution- Acidified,STD 74612 500 SINGLE PT CAL A/VER SET ABOVE KIT,United States,3,3822.19-3020,WEB,Y,,2024-03-13,,,,,O,,,,,,,,,,,,
STD74612,397,2024-03-15,42403130017,승인,영인에스티 주식회사,남종우,배용숙,"Water (Reagent Water, Rw) - Acidified",STD 74612 500 SINGLE PT CAL A/VER SET ABOVE KIT,United States,3,3822.19-3099,WEB,Y,,2024-03-13,,,,,O,,,,,,,,,,,,
STD74612,398,2024-03-15,42403130018,승인,영인에스티 주식회사,남종우,배용숙,Sucrose Solution - Acidified,STD 74612 500 SINGLE PT CAL A/VER SET ABOVE KIT,United States,3,3822.19-3020,WEB,Y,,2024-03-13,,,,,O,,,,,,,,,,,,
STD74612,399,2024-03-15,42403130019,승인,영인에스티 주식회사,남종우,배용숙,Hydrochloric (HCl) Acid Solution- Conductivity Standard,STD 74612 500 SINGLE PT CAL A/VER SET ABOVE KIT,United States,3,3822.19-3099,WEB,Y,,2024-03-13,,,,,O,,,O,,,,O,,,,,
4225A,401,2024-01-22,42401220368,승인,영인에스티 주식회사,임민환,배용숙,Polymer Microsphere Suspension Series 4000 Duke Standards,4225A,United States,0.1,3822.19-3099,WEB,Y,,2024-01-22,,,,,O,,,O,,,,,,,,,
4210A,402,2024-01-22,42401220365,승인,영인에스티 주식회사,임민환,배용숙,Polymer Microsphere Suspension Series 4000 Duke Standards,4210A,United States,0.1,3822.19-3099,WEB,Y,,2024-01-22,,,,,O,,,O,,,,,,,,,
STD74450-01,403,2022-11-28,42211280351,승인,영인에스티 주식회사,송정화,배용숙,"Water (Reagent Water, Rw) - Acidified (M500e Low Level Cal Set)",STD 74450-01,United States,1,3822.00-3048,WEB,Y,,2022-11-28,,,,O,,,,,,,,,,,,,
STD74450-01,404,2022-11-06,42211060001,승인,영인에스티 주식회사,송정화,배용숙,Potassium Hydrogen Phthalate (KHP) Solution- Acidified (M500e Low Level Cal Set),STD 74450-01,United States,1,3822.00-3048,WEB,Y,,2022-11-06,,,,O,,,,,,,,,,,,,
,405,2022-05-09,42205090075,승인,영인에스티 주식회사,전지나,배용숙,Fmoc-Pro-Wang Resin (LL),R118,United States,0.1,3822.00-2000,WEB,Y,,2022-05-09,,,,,,,O,,,,,,,,,,
,406,2022-01-14,42201140124,승인,영인에스티 주식회사,전지나,배용숙,Fmoc-Ala-Wang Resin (LL),R100,United States,0.1,3822.00-2000,WEB,Y,,2022-01-14,,,,,,,O,,,,,,,,,,
,407,2022-01-04,42201040094,승인,영인에스티 주식회사,전지나,이영광,Oxyma Pure,S001,United States,2,3822.00-2000,WEB,Y,,2022-01-04,,,,,,,O,,,,,,,,,,
STD74453-01,408,2021-12-13,42112130331,승인,영인에스티 주식회사,송정화,이영광,STD 74453-01 M500 5-Point Linearity Set,STD 74453-01 M500 5-Point Linearity Set KHP,United States,10,3822.00-3048,WEB,Y,,2021-12-13,,,,O,,,,,,,,,,,,,
STD74453-01,409,2021-12-13,42112130322,승인,영인에스티 주식회사,송정화,이영광,STD 74453-01 M500 5-Point Linearity Set,STD 74453-01 M500 5-Point Linearity Set Blank,United States,10,3822.00-3048,WEB,Y,,2021-12-13,,,,O,,,,,,,,,,,,,
,410,2021-12-02,42112020077,승인,영인에스티 주식회사,전지나,이영광,Fmoc-Arg(Pbf)-Wang Resin (LL),R101,United States,1,3822.00-2000,WEB,Y,,2021-12-02,,,,,,,O,,,,,,,,,,
,411,2021-08-31,42108310275,승인,영인에스티 주식회사,전지나,이영광,Fmoc-Gly-Wang PS (LL),R106,United States,1,3822.00-2000,WEB,Y,,2021-08-31,,,,,,,O,,,,,,,,,,
,412,2021-08-31,42108310263,승인,영인에스티 주식회사,전지나,이영광,Rink amide Protide Resins (LL),R002,United States,1,3822.00-2000,WEB,Y,,2021-08-31,,,,,,,O,,,,,,,,,,
,413,2021-08-27,42108270166,승인,영인에스티 주식회사,이영광,이영광,APK 68052-01 INNVOX ONLINE OXIDIZER REAGENT,APK 68052-01 INNVOX ONLINE OXIDIZER REAGENT,United States,10,3822.00-3048,WEB,Y,,2021-08-27,,,,,O,,,,,,,,,,,,
,414,2021-08-05,42108040085,승인,영인에스티 주식회사,전지나,이영광,Rink amide Protide Resins,"R002, R003",United States,1,3822.00-2000,WEB,Y,,2021-08-04,,,,,,,O,,,,,,,,,,
B1019,415,2021-03-31,42103310355,승인,영인에스티 주식회사,전지나,이영광,Magnesium Perchlorate Granular 0.7 to 1.2mm H20 Absorbent 25gm,B1019,United Kingdom,0.5,9027.80-1000,WEB,Y,,2021-03-31,,,,,O,,,,,,,,,,,,
B1118,416,2021-03-31,42103310365,승인,영인에스티 주식회사,전지나,이영광,EMASorb B Granular 1.6 to 3mm 7 to 14 mesh CO2 Absorbant 25gm,B1118,United Kingdom,0.5,9027.80-1000,WEB,Y,,2021-03-31,,,,,O,,,O,,,,,,,,,
X1077V,417,2021-03-31,42103310359,승인,영인에스티 주식회사,전지나,이영광,"Prepacked Reactor for CHNS,1pcs",X1077V,United Kingdom,0.5,9027.80-1000,WEB,Y,,2021-03-31,,,,,O,,,,,,,,,,,,
B2134,418,2021-03-31,42103310341,승인,영인에스티 주식회사,전지나,이영광,Standards Kit C10-176 CHN/CHN-O Acetanilide EDTA Urea Aspartic acid 4 x 0.5g,B2134,United Kingdom,0.5,9027.80-1000,WEB,Y,,2021-03-31,,,,,O,,,,,,,,,,,,
B2131,419,2021-03-31,42103310340,승인,영인에스티 주식회사,전지나,이영광,Standards Kit C10-166 CHNS/CHNS-O Cystine Sulphanilamide BBOT Sulphanilic acid 4 x 0.5gm,B2131,United Kingdom,0.5,9027.80-1000,WEB,Y,,2021-03-31,,,,,O,,,,,,,,,,,,
B2044,420,2021-03-31,42103310338,승인,영인에스티 주식회사,전지나,이영광,(BBOT) OAS See Certificate 314878 Expiry 30-Sept-23 1g,B2044,United Kingdom,0.5,9027.80-1000,WEB,Y,,2021-03-31,,,,,O,,,,,,,,,,,,
X1267V,421,2021-03-31,42103310360,승인,영인에스티 주식회사,전지나,이영광,"Prepacked Reactor for CHN, 1pcs",X1267V,United Kingdom,0.5,9027.80-1000,WEB,Y,,2021-03-31,,,,,O,,,,,,,,,,,,
B1004,422,2021-03-31,42103310342,승인,영인에스티 주식회사,전지나,이영광,Chromium Oxide Granular 0.85 to 1.7mm 25gm,B1004,United Kingdom,0.5,9027.80-1000,WEB,Y,,2021-03-31,,,,,O,,,,,,,,,,,,
B1017,423,2021-03-31,42103310358,승인,영인에스티 주식회사,전지나,이영광,Silica (Quartz) Wool Very Fine 5gm,B1017,United Kingdom,0.5,9027.80-1000,WEB,Y,,2021-03-31,,,,,O,,,,,,,,,,,,
B2036,424,2021-03-31,42103310332,승인,영인에스티 주식회사,전지나,이영광,Sulphanilamide OAS See Certificate 304582 26-Apr-23 1g,B2036,United Kingdom,0.5,9027.80-1000,WEB,Y,,2021-03-31,,,,,O,,,,,,,,,,,,
B2033,425,2021-03-31,42103310327,승인,영인에스티 주식회사,전지나,이영광,EDTA OAS See Certificate 218909 EXP 27-Mar-23 1gm,B2033,United Kingdom,0.5,9027.80-1000,WEB,Y,,2021-03-31,,,,,O,,,,,,,,,,,,
B1000,426,2021-03-31,42103310352,승인,영인에스티 주식회사,전지나,이영광,Cobaltous/ic Oxide Silvered Granular 0.85 to 1.7mm 25gm,B1000,United Kingdom,0.5,9027.80-1000,WEB,Y,,2021-03-31,,,,,O,,,,,,,,,,,,
B1454,427,2021-03-31,42103310348,승인,영인에스티 주식회사,전지나,이영광,Nickelised Carbon 30% Ni Granular 0.3 to 0.85mm 2.5gm,B1454,United Kingdom,0.5,9027.80-1000,WEB,Y,,2021-03-31,,,,,O,,,,,,,,,,,,
B1016,428,2021-03-31,42103310344,승인,영인에스티 주식회사,전지나,이영광,Copper Wires Coarse Wires Reduced 6 x 0.65mm 100gm,B1016,United Kingdom,0.5,9027.80-1000,WEB,Y,,2021-03-31,,,,,O,,,,,,,,,,,,
B1271,429,2021-03-31,42103310356,승인,영인에스티 주식회사,전지나,이영광,Silica (Quartz) Chips Granular 0.85 to 1.7mm 100gm,B1271,United Kingdom,0.5,9027.80-1000,WEB,Y,,2021-03-31,,,,,O,,,,,,,,,,,,
B2000,430,2021-03-31,42103310335,승인,영인에스티 주식회사,전지나,이영광,Acetanilide OAS 1g See Certificate 293514 15-Nov-22,B2000,United Kingdom,0.5,9027.80-1000,WEB,Y,,2021-03-31,,,,,O,,,,,,,,,,,,
,431,2021-03-31,42103310362,승인,영인에스티 주식회사,전지나,이영광,"Prepacked Oxygen Pyrolysis Reactor Eurovector , 1pcs",X1256,United Kingdom,0.5,9027.80-1000,WEB,Y,,2021-03-31,,,,,O,,,,,,,,,,,,
,432,2021-03-31,42103310345,승인,영인에스티 주식회사,전지나,이영광,Copper Wires for S Analysis Coarse High Purity Reduced 6 x 0.65mm 100gm,B1053,United Kingdom,0.5,9027.80-1000,WEB,Y,,2021-03-31,,,,,O,,,,,,,,,,,,
,433,2021-03-31,42103310353,승인,영인에스티 주식회사,전지나,이영광,Chromosorb W 30-60 mesh Acid Washed 10gm,B3015,United Kingdom,0.5,9027.80-1000,WEB,Y,,2021-03-31,,,,,O,,,,,,,,,,,,
,434,2021-03-31,42103310350,승인,영인에스티 주식회사,전지나,이영광,Tungstic Oxide Granular 0.85 to 1.7mm 25gm,B1025,United Kingdom,0.5,9027.80-1000,WEB,Y,,2021-03-31,,,,,O,,,,,,,,,,,,
STD99015,435,2021-03-11,42103110030,승인,영인에스티 주식회사,송정화,이영광,STD 99015 100 PPB UREA STANDARD,STD 99015 100 PPB UREA STANDARD,United States,10,3822.00-3048,WEB,Y,,2021-03-11,,,,,O,,,,,,,,,,,,
STD74504,436,2021-03-05,42103050443,승인,영인에스티 주식회사,송정화,이영광,STD74504 Super iOS calibration Set B,STD74504 Super iOS calibration Set B,United States,10,3822.00-3048,WEB,Y,,2021-03-05,,,,,O,,,,,,,,,,,,
RCS03,440,2021-02-25,42102220027,승인,영인에스티 주식회사,한상국,이영광,pH Probe Storage Solution,pH Probe Storage Solution Catalog# RCS03,United States,10,3822.00-3048,WEB,Y,,2021-02-22,,,,,O,,,,,,,,,,,,
RCS01,441,2021-02-25,42102220029,승인,영인에스티 주식회사,한상국,이영광,pH 7 Standard Cell Solution,pH 7 Standard Cell Solution Catalog# RCS01,United States,5,3822.00-3048,WEB,Y,,2021-02-22,,,,,O,,,O,,,,,,,,,
STD78532-01,442,2021-02-17,42102170192,승인,영인에스티 주식회사,송정화,이영광,STD 78532-01 M500 Super iOS Single Pt Validation,STD 78532-01 M500 Super iOS Single Pt Validation,United States,50,3822.00-3048,WEB,Y,,2021-02-17,,,,,O,,,,,,,,,,,,
STD78632-01,443,2021-02-15,42102150231,승인,영인에스티 주식회사,송정화,이영광,STD78632-01 M500 Single Pt Validation Set,STD78632-01 M500 Single Pt Validation Set,United States,100,3822.00-3048,WEB,Y,,2021-02-15,,,,,O,,,,,,,,,,,,
,444,2020-12-01,42012010011,승인,영인에스티 주식회사,한상국,이영광,DO Electrode Internal Filling Solution,P/N 221595-A01,United States,1,9027.80-2090,WEB,Y,,2020-12-01,,,,,O,,,O,,,,,,,,,
STD97006-02,445,2020-11-24,42011240109,승인,영인에스티 주식회사,송정화,이영광,"STD 97006-02 WATER (REAGENT WATER, Rw) (CheckPoint Linearity TOC Set)","Linearity set for CheckPoint TOC Sensor including one linearity blank,one each of 250ug C/L, 375ug C/L, and 500ug C/L as sucrose in DUCTvials.",United States,10,3822.00-3048,WEB,Y,,2020-11-24,,,,,O,,,,,,,,,,,,
STD74553-01,446,2020-11-24,42011240111,승인,영인에스티 주식회사,송정화,이영광,"STD 74553-01 WATER (REAGENT WATER, Rw) (5-Point Linearity set)",5-Point Linearity Set,United States,10,3822.00-3048,WEB,Y,,2020-11-24,,,,,O,,,,,,,,,,,,
STD74553-01,447,2020-11-23,42011230321,승인,영인에스티 주식회사,송정화,이영광,STD 74553-01 Sucrose Soultion (5-Point Linearity set),5-Point Linearity Set,United States,10,3822.00-3048,WEB,Y,,2020-11-23,,,,,O,,,,,,,,,,,,
STD97006-02,448,2020-11-11,42011110408,승인,영인에스티 주식회사,송정화,이영광,STD 97006-02 Sucrose Soultion (CheckPoint Linearity TOC Set),"Linearity set for CheckPoint TOC Sensor including one linearity blank,one each of 250ug C/L, 375ug C/L, and 500ug C/L as sucrose in DUCTvials.",United States,10,3822.00-3048,WEB,Y,,2020-11-11,,,,,O,,,,,,,,,,,,
SOL1000,449,2020-10-22,42010220564,승인,영인에스티 주식회사,한상국,이영광,1000uS/cm Conductivity Solution,P/N SOL1000,United States,5,3822.00-3048,WEB,Y,,2020-10-22,,,,,O,,,,,,,,,,,,
SOL5000,450,2020-10-22,42010220566,승인,영인에스티 주식회사,한상국,이영광,5000uS/cm Conductivity Solution,P/N SOL5000,United States,5,3822.00-3048,WEB,Y,,2020-10-22,,,,,O,,,,,,,,,,,,
905985,453,2020-02-18,42002180384,승인,영인에스티 주식회사,전지나,이영광,Medi Gel 2010(Q-Matrix Hydra),P/N 905985,United States,2,3815.19-9000,WEB,Y,,2020-02-18,,,,,,,,,,,,,,,,,
,454,2020-02-07,42002070602,승인,영인에스티 주식회사,전지나,이영광,"Oil Standard 3, 4, 5…Frequency check standard",PN 523010,United States,0.01,3815.90-9000,WEB,Y,,2020-02-07,,,,,,,,,,,,,,,,,
TD-120,455,2019-08-13,41908130031,승인,영인에스티 주식회사,한상국,이영광,Cleaning Solution,"P/N 13440 / Cleangin Solution for TD-107, TD-120, TD-5100",Canada,5,9027.50-5080,WEB,Y,,2019-08-13,,,,,,,,,,,,,,,,,
TD-120,456,2019-08-13,41908130010,승인,영인에스티 주식회사,한상국,이영광,TD-120 and TD-107s Functional Check Solution,P/N 106424,Canada,5,9027.50-5080,WEB,Y,,2019-08-13,,,,,,,,,,,,,,,,,
STD77035-01,457,2019-01-02,41901020136,승인,영인에스티 주식회사,박준현,이영광,Hydrochloric Acid Solution (Conductivity Standard),STD 77035-01,United States,2,3822.00-3048,WEB,Y,,2019-01-02,,,,,,,,O,,,,O,,,,,
,458,2018-12-20,41812200257,승인,영인에스티 주식회사,최승민,이영광,Catalyst for aue-100,AUE-101,United States,4,3208.10-1090,WEB,Y,,2018-12-20,,,,,O,,,O,,,,,,,,,
,459,2018-12-20,41812200277,승인,영인에스티 주식회사,최승민,이영광,Acrylic urethane enamel,AUE-100,United States,1,3208.10-1090,WEB,Y,,2018-12-20,,,,,O,,,O,,,,O,,,,,
RDOK2,460,2018-09-27,41809270139,승인,영인에스티 주식회사,한상국,이영광,Ozone Electrolyte,Ozone Electrolyte / P/N: RDOK2,United States,1,3822.00-3048,WEB,Y,,2018-09-27,,,,,,,,,,,,,,,,,
,461,2018-07-09,41807090104,승인,영인에스티 주식회사,한상국,이영광,"Fluoride, 1000 PPM Standard","P/N : 110902 / Fluoride, 1000 PPM Standard",United States,5,3822.00-3048,WEB,Y,,2018-07-09,,,,,O,,,O,,,,,,,,,
,464,2018-05-28,41805280918,승인,영인에스티 주식회사,전지나,이영광,UN1475 Magnesium Perchlorate Adsorbent (25g),C10-014,Italy,1,3815.90-9000,WEB,Y,,2018-05-28,,,,,,,,,,,,,,,,,
,465,2018-05-28,41805280933,승인,영인에스티 주식회사,전지나,이영광,Chromosorb W 30-60 Mesh Acid Washed (10g),C10-012,Italy,0.1,3815.90-9000,WEB,Y,,2018-05-28,,,,,,,,,,,,,,,,,
C10-004,466,2018-05-28,41805280946,승인,영인에스티 주식회사,전지나,이영광,"COPPER REDUCED 0,7MM -WIRES -VIAL (100G)",C10-004,Italy,1,3815.90-9000,WEB,Y,,2018-05-28,,,,,,,,,,,,,,,,,
C10-084,467,2018-05-28,41805280925,승인,영인에스티 주식회사,전지나,이영광,Packed Reactor 18-6mm CHNS (1pcs),C10-084,Italy,1,3815.90-9000,WEB,Y,,2018-05-28,,,,,,,,,,,,,,,,,
,468,2018-05-28,41805280924,승인,영인에스티 주식회사,전지나,이영광,Packed Reactor 18-6mm CHN (1pcs),C10-081,Italy,1,3815.90-9000,WEB,Y,,2018-05-28,,,,,,,,,,,,,,,,,
C10-016,469,2018-05-28,41805280922,승인,영인에스티 주식회사,전지나,이영광,Quartz Turnings (100g),C10-016,Italy,1,3815.90-9000,WEB,Y,,2018-05-28,,,,,,,,,,,,,,,,,
C10-017,470,2018-05-28,41805280920,승인,영인에스티 주식회사,전지나,이영광,Quartz Wool (5g),C10-017,Italy,1,3815.90-9000,WEB,Y,,2018-05-28,,,,,,,,,,,,,,,,,
,471,2018-05-28,41805280917,승인,영인에스티 주식회사,전지나,이영광,Acetanilide (5g),112933,Italy,1,3815.90-9000,WEB,Y,,2018-05-28,,,,,,,,,,,,,,,,,
,472,2018-05-28,41805280916,승인,영인에스티 주식회사,전지나,이영광,Sulphanilamide (1g),C10-025,Italy,1,3815.90-9000,WEB,Y,,2018-05-28,,,,,,,,,,,,,,,,,
C10-006,473,2018-05-28,41805280915,승인,영인에스티 주식회사,전지나,이영광,Nickel Plated Carbon (2.5g),C10-006,Italy,1,3815.90-9000,WEB,Y,,2018-05-28,,,,,,,,,,,,,,,,,
C10-009,474,2018-05-28,41805280913,승인,영인에스티 주식회사,전지나,이영광,Silvered Cobalt Oxide (25g),C10-009,Italy,1,3815.90-9000,WEB,Y,,2018-05-28,,,,,,,,,,,,,,,,,
C10-007,475,2018-05-28,41805280909,승인,영인에스티 주식회사,전지나,이영광,Tungsten Oxide-granules (25g),C10-007,Italy,1,3815.90-9000,WEB,Y,,2018-05-28,,,,,,,,,,,,,,,,,
CAL-CAL,476,2018-05-14,41805140776,승인,영인에스티 주식회사,홍민기,이영광,CAL-CAL,", 500 ml bottle of 1000ppm Calcium Stock Solution for Dilution.",United Kingdom,1,3822.00-3048,WEB,Y,,2018-05-14,,,,,,,,,,,,,,,,,
STD68205-01,477,2018-05-14,41805140773,승인,영인에스티 주식회사,홍민기,이영광,potassium Hydrogen Phthalate Solutions,"STD 68205-01, InnovOx TOC Cal, 5 mg/L",United States,1,3822.00-3048,WEB,Y,,2018-05-14,,,,,,,,,,,,,,,,,
STD68202-01,478,2018-05-14,41805140767,승인,영인에스티 주식회사,홍민기,이영광,potassium Hydrogen Phthalate Solutions,"STD 68202-01, InnovOx TOC Cal, 2 mg/L",United States,1,3822.00-3048,WEB,Y,,2018-05-14,,,,,,,,,,,,,,,,,
CAL-TPH-XDC200,479,2018-04-20,41804200326,승인,영인에스티 주식회사,한상국,이영광,CAL-TPH-XDC200,Calibration Solution,United States,5,3822.00-3048,WEB,Y,,2018-04-20,,,,,O,,,O,,,,O,,,,,
,480,2018-04-12,41804120286,승인,영인에스티 주식회사,한상국,이영광,Ross Reference Electrode Solution,oss Reference Electrode Solution Catalog# 2001FS.,United States,5,3822.00-3048,WEB,Y,,2018-04-12,,,,,O,,,O,,,,,,,,,
ORP-250,481,2018-03-20,41803200017,승인,영인에스티 주식회사,한상국,이영광,ORP-250,BUFFER SOLUTION ORP 250,United Kingdom,5,3822.00-3048,WEB,Y,,2018-03-20,,,,,,,,,,,,,,,,,
,482,2018-03-20,41803200016,승인,영인에스티 주식회사,한상국,이영광,pH-10/600,BUFFER SOLUTION pH 10,United Kingdom,5,3822.00-3048,WEB,Y,,2018-03-20,,,,,,,,,,,,,,,,,
AMM-CAL,483,2018-03-05,41803050206,승인,영인에스티 주식회사,한상국,이영광,AMM-CAL,AMMONIUM ISE CALIBRATING SOLUTION,United Kingdom,5,3822.00-3048,WEB,Y,,2018-03-05,,,,,,,,,,,,,,,,,
,484,2018-03-05,41803050200,승인,영인에스티 주식회사,한상국,이영광,pH-401/600,BUFFER SOLUTION pH 4,United Kingdom,5,3822.00-3048,WEB,Y,,2018-03-05,,,,,,,,,,,,,,,,,
NIT-CAL,485,2018-03-05,41803050204,승인,영인에스티 주식회사,한상국,이영광,NIT-CAL,NITRATE ISE CALIBRATING SOLUTION,United Kingdom,5,3822.00-3048,WEB,Y,,2018-03-05,,,,,,,,,,,,,,,,,
,486,2018-03-05,41803050210,승인,영인에스티 주식회사,한상국,이영광,pH-700/600,BUFFER SOLUTION pH 7,United Kingdom,5,3822.00-3048,WEB,Y,,2018-03-05,,,,,,,,,,,,,,,,,
,487,2018-02-27,41802270331,승인,영인에스티 주식회사,전지나,이영광,Chromium Oxide-granules (25g),E10101,Italy,1,3815.90-9000,WEB,Y,,2018-02-27,,,,,,,,,,,,,,,,,
,488,2018-02-27,41802270167,승인,영인에스티 주식회사,전지나,이영광,"COPPER REDUCED PURE 0,7MM -WIRES -VIAL (100G) E10131",E10131,Italy,1,3815.90-9000,WEB,Y,,2018-02-27,,,,,,,,,,,,,,,,,
,500,2018-02-09,41802090168,승인,영인에스티 주식회사,유병국,이영광,PreLude™ 420,Saint Gobain Crystals,United States,3,9030.10-0000,WEB,Y,,2018-02-09,,,,,,,,,,,,,,,,,
,501,2018-02-09,41802090150,승인,영인에스티 주식회사,유병국,이영광,Cadmium Tungstate Scintillation Crystal,Saint Gobain Crystals,United States,1,9030.10-0000,WEB,Y,,2018-02-09,,,,,,,,O,,,,,,,,,
,502,2018-02-09,41802090144,승인,영인에스티 주식회사,유병국,이영광,Calcium Fluoride (EU),Saint Gobain Crystals,United States,1,9030.10-0000,WEB,Y,,2018-02-09,,,,,,,,,,,,,,,,,
,507,2018-02-08,41802080224,승인,영인에스티 주식회사,유병국,이영광,Bismuth Germanate Crystal,Saint Gobain Crystals,United States,30,9030.10-0000,WEB,Y,,2018-02-08,,,,,,,,,,,,,,,,,
,508,2018-02-02,41802020022,승인,영인에스티 주식회사,이영광,이영광,Formic Acid (Acid Reagent),Reagent,United States,10,3822.00-3048,WEB,Y,,2018-02-02,,,,,O,,,,,,,O,,,,,
,509,2018-01-31,41801310507,승인,영인에스티 주식회사,이영광,이영광,Silica Reagent #1,TFS Orion Silica Analyzer Reagent,United States,5,3822.00-3048,WEB,Y,,2018-01-31,,,,,O,,,O,,,,O,,,,,
,510,2018-01-31,41801310517,승인,영인에스티 주식회사,이영광,이영광,Silca Standard - 200 ppb,TFS Orion Silica Analyzer Calibration,United States,5,3822.00-3048,WEB,Y,,2018-01-31,,,,,,,,,,,,,,,,,
,511,2018-01-31,41801310516,승인,영인에스티 주식회사,이영광,이영광,Silca Standard - 100 ppb,TFS Orion Silica Analyzer Calibration,United States,5,3822.00-3048,WEB,Y,,2018-01-31,,,,,,,,,,,,,,,,,
,512,2018-01-31,41801310515,승인,영인에스티 주식회사,이영광,이영광,Orion 181073 Reference Electrode Internal Filling Solution,Reference Electrode Filling Solution,United States,5,9027.80-2090,WEB,Y,,2018-01-31,,,,,,,,,,,,,,,,,
,513,2018-01-31,41801310514,승인,영인에스티 주식회사,이영광,이영광,Silica Reagent #3,TFS Orion Silica Analyzer Reagent,United States,5,3822.00-3048,WEB,Y,,2018-01-31,,,,,,,,,,,,,,,,,
,514,2018-01-31,41801310512,승인,영인에스티 주식회사,이영광,이영광,Silica Reagent #2,TFS Orion Silica Analyzer Reagent,United States,5,3822.00-3048,WEB,Y,,2018-01-31,,,,,,,,,,,,,,,,,
STD68410,515,2018-01-29,41801290050,승인,영인에스티 주식회사,이영광,이영광,Potassium Hydrogen Phthalate Solutions,Potassium Hydrogen Phthalate Solutions / STD 68410,United States,1,3822.00-3048,WEB,Y,,2018-01-29,,,,,,,,,,,,,,,,,
,516,2018-01-29,41801290058,승인,영인에스티 주식회사,이영광,이영광,DO Electrode Internal Filling Solution,DO Electrode Internal Filling Solution / 181622,United States,1,9027.80-2090,WEB,Y,,2018-01-29,,,,,O,,,O,,,,,,,,,
,517,2018-01-19,41801190062,승인,영인에스티 주식회사,한상국,이영광,0.1 M HF Etch Solution for Sodium Electrode,0.1 M HF Etch Solution for Sodium Electrode,United States,1,3822.00-3048,WEB,Y,,2018-01-19,,,,,O,,,O,,,,,,,,,
DO-25,518,2018-01-09,41801090155,승인,영인에스티 주식회사,이영광,이영광,DO-25,issolved oxygen electrode filling solution,United Kingdom,1,8543.70-9090,WEB,Y,,2018-01-09,,,,,,,,,,,,,,,,,
CHL-CAL,519,2018-01-09,41801090154,승인,영인에스티 주식회사,이영광,이영광,CHL-CAL,Chloride Calibration Solution,United Kingdom,1,8543.70-9090,WEB,Y,,2018-01-09,,,,,,,,,,,,,,,,,
CAL-CAL,520,2018-01-09,41801090139,승인,영인에스티 주식회사,이영광,이영광,CAL-CAL,ISE Standard Calcium 1000ppm,United Kingdom,1,8543.70-9090,WEB,Y,,2018-01-09,,,,,,,,,,,,,,,,,
RC-600,521,2018-01-09,41801090158,승인,영인에스티 주식회사,이영광,이영광,RC-600,RAPIDCAL SOLUTION,United Kingdom,1,8543.70-9090,WEB,Y,,2018-01-09,,,,,,,,,,,,,,,,,
ZO-600,522,2018-01-09,41801090157,승인,영인에스티 주식회사,이영광,이영광,ZO-600,zero oxygen standard solution,United Kingdom,1,8543.70-9090,WEB,Y,,2018-01-09,,,,,,,,,,,,,,,,,
CAL-TPH-XD2000,523,2017-11-21,41711210169,승인,영인에스티 주식회사,한상국,이영광,CAL-TPH-XD2000,Reagent,United States,1,2905.11-0000,WEB,Y,,2017-11-21,,,,,O,,,O,,,,O,,,,,
100057F4,524,2017-10-10,41710100175,승인,영인에스티 주식회사,최환희,이영광,100057F4 Reference Filling Solution,Reagent,United States,1,3822.00-3048,WEB,Y,,2017-10-10,,,,,,,,,,,,O,,,,,
AK02-B,"비대상(자연존재물질, 아미노산)",,,,영인엠텍,,,5MMOL ACID KIT 20 NATIJRAL,,,,,,,,,,,,,,,,,,,,,,,,,
R008-B5,,,,,영인엠텍,,,R008-B5,,,,,,,,,,,,,,,,,,,,,,,,,
R008-A,,,,,영인엠텍,,,R008-A,,,,,,,,,,,,,,,,,,,,,,,,,
R008-B,,,,,영인엠텍,,,R008-B,,,,,,,,,,,,,,,,,,,,,,,,,
R008-C,,,,,영인엠텍,,,R008-C,,,,,,,,,,,,,,,,,,,,,,,,,
A032-C,,,,,영인엠텍,,,"아미노산, 별표1 자연발생",,,,,,,,,,,,,,,,,,,,,,,,,
S001-C,525,2023-11-13,42311130092,승인,영인엠텍 주식회사,이영직,전지나,Oxyma Pure,"S001-C, S001-D",United States,100,9027.80-1000,WEB,Y,,2023-11-13,,,,,,O,,,,,,,,,,,
S001-D,525,2023-11-13,42311130092,승인,영인엠텍 주식회사,이영직,전지나,Oxyma Pure,"S001-C, S001-D",United States,100,9027.80-1000,WEB,Y,,2023-11-13,,,,,,O,,,,,,,,,,,
R003-B5,526,2023-08-23,42308230502,승인,영인엠텍 주식회사,이영직,전지나,Rink amide Protide Resins,"R003-A, R003-B, R003-B5, R003-C",United States,1,9027.80-1000,WEB,Y,,2023-08-23,,,,,,O,,,,,,,,,,,
B2036,527,2023-08-23,42308230459,승인,영인엠텍 주식회사,이영직,전지나,Sulphanilamide AOS,B2036,United Kingdom,0.2,9027.80-1000,WEB,Y,,2023-08-23,,,,O,,,,,,,,,,,,,
B1017,528,2023-08-23,42308230451,승인,영인엠텍 주식회사,이영직,전지나,Silica (Quartz) Wool Very Fine 5gm,B1017,United Kingdom,0.5,9027.80-1000,WEB,Y,,2023-08-23,,,,O,,,,,,,,,,,,,
B1016,529,2023-08-23,42308230422,승인,영인엠텍 주식회사,이영직,전지나,Copper Wires Coarse Wires Reduced 6 x 0.65mm 100gm,B1016,United Kingdom,1,9027.80-1000,WEB,Y,,2023-08-23,,,,O,,,,,,,,,,,,,
B1004,530,2023-08-23,42308230415,승인,영인엠텍 주식회사,이영직,전지나,Chromium Oxide Granular 0.85 to 1.7mm 25gm,B1004,United Kingdom,0.5,9027.80-1000,WEB,Y,,2023-08-23,,,,O,,,,,,,,,,,,,
B1000,531,2023-07-21,42307210040,승인,영인엠텍 주식회사,이영직,전지나,Cobaltous(ic) Oxide Silvered Granular,B1000,United Kingdom,0.2,9027.80-1000,WEB,Y,,2023-07-21,,,,O,,,,,,,,,,,,,
R002-B5,532,2023-07-21,42307210123,승인,영인엠텍 주식회사,이영직,전지나,Rink amide Protide Resins (LL),"R002-A, R002-B, R002-C R002-B5",United States,0.05,9027.80-1000,WEB,Y,,2023-07-21,,,,,,O,,,,,,,,,,,
SAMPLE,533,2023-07-17,42307170318,승인,영인엠텍 주식회사,전지나,전지나,LIQUID SAMPLE SUBSTRATE 100G,650-00020,United States,0.5,9027.80-1000,WEB,Y,,2023-07-17,,,,O,,,,,,,,,,,,,
650-00015-3,534,2023-06-05,42306050282,승인,영인엠텍 주식회사,송영동,전지나,HYDRA C CATALYST,650-00015-3,United States,2.6,9027.80-1000,WEB,Y,,2023-06-05,,,,O,,,,,,,,,,,,,
650-00015-3,535,2024-01-18,42401180160,승인,"영인크로매스 주식회사 YOUNG IN Chromass co., Ltd.",김규현,김규현,Fase Mobile A CDT 1L,Fase Mobile A CDT 1L,Italy,10,3822.19-3099,WEB,Y,,2024-01-18,,,,,O,,O,,,,,,,,,,
RegenteBCDT,536,2024-01-18,42401180170,승인,"영인크로매스 주식회사 YOUNG IN Chromass co., Ltd.",김규현,김규현,Regente B CDT 10mL,Regente B CDT 10mL,Italy,0.1,3822.19-3099,WEB,Y,,2024-01-18,,,,,O,,O,,,,,,,,,,
FaseMobileBCDT,537,2024-01-18,42401180164,승인,"영인크로매스 주식회사 YOUNG IN Chromass co., Ltd.",김규현,김규현,Fase Mobile B CDT 500mL,Fase Mobile B CDT 500mL,Italy,5,3822.19-3099,WEB,Y,,2024-01-18,,,,,O,,O,,,,,,,,,,
,538,2024-01-18,42401180175,승인,"영인크로매스 주식회사 YOUNG IN Chromass co., Ltd.",김규현,김규현,Soluzione di Lavaggio Colonna CDT 250mL,Soluzione di Lavaggio Colonna CDT 250mL,Italy,2.5,3822.19-3099,WEB,Y,,2024-01-18,,,,,O,,O,,,,,,,,,,
,539,2024-01-18,42401180166,승인,"영인크로매스 주식회사 YOUNG IN Chromass co., Ltd.",김규현,김규현,Regente A CDT 25mg,Regente A CDT 25mg,Italy,2.5,3822.19-3099,WEB,Y,,2024-01-18,,,,,O,,O,,,,,,,,,,
,540,2024-01-18,42401180172,승인,"영인크로매스 주식회사 YOUNG IN Chromass co., Ltd.",김규현,김규현,Regente C2 CDT 3mL,Regente C2 CDT 3mL,Italy,0.03,3822.19-3099,WEB,Y,,2024-01-18,,,,,O,,O,,,,,,,,,,
,541,2024-01-18,42401180176,승인,"영인크로매스 주식회사 YOUNG IN Chromass co., Ltd.",김규현,김규현,Soluzione di Riposo Colonna CDT 250mL,Soluzione di Riposo Colonna CDT 250mL,Italy,2.5,3822.19-3099,WEB,Y,,2024-01-18,,,,,O,,O,,,,,,,,,,
,542,2024-01-18,42401180171,승인,"영인크로매스 주식회사 YOUNG IN Chromass co., Ltd.",김규현,김규현,Regente C CDT 40mg,Regente C CDT 40mg,Italy,0.4,3822.19-3099,WEB,Y,,2024-01-18,,,,,O,,O,,,,,,,,,,
,543,2024-01-18,42401180168,승인,"영인크로매스 주식회사 YOUNG IN Chromass co., Ltd.",김규현,김규현,Regente A2 CDT 10mL,Regente A2 CDT 10mL,Italy,0.1,3822.19-3099,WEB,Y,,2024-01-18,,,,,O,,O,,,,,,,,,,
,544,2024-01-18,42401180160,승인,"영인크로매스 주식회사 YOUNG IN Chromass co., Ltd.",김규현,김규현,Fase Mobile A CDT,1L,Italy,10,3822.19-3099,WEB,Y,,2024-01-18,,,,,O,,O,,,,,,,,,,
,545,2024-01-18,42401180170,승인,"영인크로매스 주식회사 YOUNG IN Chromass co., Ltd.",김규현,김규현,Regente B CDT,10mL,Italy,0.1,3822.19-3099,WEB,Y,,2024-01-18,,,,,O,,O,,,,,,,,,,
,546,2024-01-18,42401180164,승인,"영인크로매스 주식회사 YOUNG IN Chromass co., Ltd.",김규현,김규현,Fase Mobile B CDT,500mL,Italy,5,3822.19-3099,WEB,Y,,2024-01-18,,,,,O,,O,,,,,,,,,,
,547,2024-01-18,42401180175,승인,"영인크로매스 주식회사 YOUNG IN Chromass co., Ltd.",김규현,김규현,Soluzione di Lavaggio Colonna CDT,250mL,Italy,2.5,3822.19-3099,WEB,Y,,2024-01-18,,,,,O,,O,,,,,,,,,,
,548,2024-01-18,42401180166,승인,"영인크로매스 주식회사 YOUNG IN Chromass co., Ltd.",김규현,김규현,Regente A CDT,25mg,Italy,2.5,3822.19-3099,WEB,Y,,2024-01-18,,,,,O,,O,,,,,,,,,,
,549,2024-01-18,42401180172,승인,"영인크로매스 주식회사 YOUNG IN Chromass co., Ltd.",김규현,김규현,Regente C2 CDT,3mL,Italy,0.03,3822.19-3099,WEB,Y,,2024-01-18,,,,,O,,O,,,,,,,,,,
,550,2024-01-18,42401180176,승인,"영인크로매스 주식회사 YOUNG IN Chromass co., Ltd.",김규현,김규현,Soluzione di Riposo Colonna CDT,250mL,Italy,2.5,3822.19-3099,WEB,Y,,2024-01-18,,,,,O,,O,,,,,,,,,,
,551,2024-01-18,42401180171,승인,"영인크로매스 주식회사 YOUNG IN Chromass co., Ltd.",김규현,김규현,Regente C CDT,40mg,Italy,0.4,3822.19-3099,WEB,Y,,2024-01-18,,,,,O,,O,,,,,,,,,,
,552,2024-01-18,42401180168,승인,"영인크로매스 주식회사 YOUNG IN Chromass co., Ltd.",김규현,김규현,Regente A2 CDT,10mL,Italy,0.1,3822.19-3099,WEB,Y,,2024-01-18,,,,,O,,O,,,,,,,,,,
,553,2024-01-12,42401120162,승인,"영인크로매스 주식회사 YOUNG IN Chromass co., Ltd.",김규현,나태화,"394127601 STANDARD TUNING:Polytyrosine, 1-3–6 Standard Solid 500mg","394127601 STANDARD TUNING:Polytyrosine, 1-3–6 Standard Solid 500mg",Germany Federal Republic,0.005,3822.19-3099,WEB,,,2024-01-12,,,O,,,,O,,,,,,,,,,
,554,2023-11-08,42311080063,승인,"영인크로매스 주식회사 YOUNG IN Chromass co., Ltd.",김규현,김규현,Sodium Diluent for Amino Acids Analysis 950ml,Sodium Diluent for Amino Acids Analysis 950ml,United States,3,3822.90-0020,WEB,Y,,2023-11-08,,,,,O,,,O,,,,,,,,,
,555,2023-05-02,42305020334,승인,"영인크로매스 주식회사 YOUNG IN Chromass co., Ltd.",김규현,김규현,OFN EI Checkout Standard 1 pg/μL 3ml,OFN EI Checkout Standard 1 pg/μL 3ml,Spain,0.001,3822.00-3050,WEB,Y,,2023-05-02,,,,,O,,O,,,,,,,,,,
,556,2023-05-02,42305020328,승인,"영인크로매스 주식회사 YOUNG IN Chromass co., Ltd.",김규현,김규현,Perfluorotributylamine 0.5ml,Perfluorotributylamine 0.5ml,Spain,0.001,3822.00-3050,WEB,Y,,2023-05-02,,,,,O,,,,,,,,,,,,
AT31FH KIT,,2024-06-28,42406280282,승인,"영인크로매스 주식회사 YOUNG IN Chromass co., Ltd.",김규현,김규현,Sodium Calibration Standards,5ml,United States,0.5,3822.19-3099,WEB,Y,,2024-06-28,,,,,O,,O,O,,,,,,,,,
,557,2018-05-15,241805154200,승인,영인크로매스 주식회사<(주)영린기기>,김규현,김규현,"Artificial Perspiration, ISO 3160, stabilized 200ml","Artificial Perspiration, ISO 3160, stabilized 200ml",United States,1,3822.00-3050,WEB,Y,,2018-05-15,,,,,,,,,,,,,,,,,
,558,2018-05-15,241805154317,승인,영인크로매스 주식회사<(주)영린기기>,김규현,김규현,Sodium Eluants for Amino Acids Analysis 950ml X 4 bottle,Sodium Eluants for Amino Acids Analysis 950ml X 4 bottle,United States,10,3822.00-3050,WEB,Y,,2018-05-15,,,,,,,,O,,,,,,,,,
,559,2018-05-15,241805153807,승인,영인크로매스 주식회사<(주)영린기기>,김규현,김규현,"Artificial Perspiration, AATCC (Stabilized) 200ml","Artificial Perspiration, AATCC (Stabilized) 200ml",United States,0.5,3822.00-3050,WEB,Y,,2018-05-15,,,,,,,,,,,,,,,,,
,560,2018-05-15,241805153962,승인,영인크로매스 주식회사<(주)영린기기>,김규현,,Artificial Urine DIN EN 1616:1999 200ml,Artificial Urine DIN EN 1616:1999 200ml,United States,0.5,3822.00-3050,WEB,Y,,2018-05-15,,,,,,,,,,,,,,,,,
,561,2018-05-15,241805154241,승인,영인크로매스 주식회사<(주)영린기기>,김규현,김규현,Lithium Eluants for Amino Acids Analysis 950ml X 4 bottle,Lithium Eluants for Amino Acids Analysis 950ml X 4 bottle,United States,10,3822.00-3050,WEB,Y,,2018-05-15,,,,,,,,,,,,,,,,,
,562,2018-05-15,241805153996,승인,영인크로매스 주식회사<(주)영린기기>,김규현,김규현,"Artificial Perspiration ISO 105-B07/ISO 105-E04, acidic, stabilized 200ml","Artificial Perspiration ISO 105-B07/ISO 105-E04, acidic, stabilized 200ml",United States,1,3822.00-3050,WEB,Y,,2018-05-15,,,,,,,,,,,,,,,,,
,563,2018-05-15,241805154841,승인,영인크로매스 주식회사<(주)영린기기>,김규현,김규현,TRIONE Ninhydrin Reagent 900ml X 4 bottle,TRIONE Ninhydrin Reagent 900ml X 4 bottle,United States,20,3822.00-3050,WEB,Y,,2018-05-15,,,,,,,,,,,,,,,,,
,564,2018-05-15,241805154143,승인,영인크로매스 주식회사<(주)영린기기>,김규현,김규현,"Artificial Perspiration ISO 105-B07/ISO 105-E04, alkaline, stabilized 200ml","Artificial Perspiration ISO 105-B07/ISO 105-E04, alkaline, stabilized 200ml",United States,1,3822.00-3050,WEB,Y,,2018-05-15,,,,,,,,,,,,,,,,,
,565,2018-05-15,241805154496,승인,영인크로매스 주식회사<(주)영린기기>,김규현,김규현,OPA Diluent for Post-column Analysis 950ml X 4 bottle,OPA Diluent for Post-column Analysis 950ml X 4 bottle,United States,10,3822.00-3050,WEB,Y,,2018-05-15,,,,,,,,O,,,,,,,,,
,566,2018-05-15,241805153729,승인,영인크로매스 주식회사<(주)영린기기>,김규현,김규현,ChlorAC Buffer 25ml X 4 bottle,ChlorAC Buffer 25ml X 4 bottle,United States,3,3822.00-3050,WEB,Y,,2018-05-15,,,,,,,,O,,,,,,,,,
,567,2018-05-15,241805154691,승인,영인크로매스 주식회사<(주)영린기기>,김규현,김규현,Column Regenerant for Sodium-based Amino Acids Anaylsis 950ml,Column Regenerant for Sodium-based Amino Acids Anaylsis 950ml,United States,1,3822.00-3050,WEB,Y,,2018-05-15,,,,,,,,,,,,,,,,,
,568,2018-05-15,241805154537,승인,영인크로매스 주식회사<(주)영린기기>,김규현,김규현,Column Regenerant for Lithium-based Amino Acids Analysis 950ml,Column Regenerant for Lithium-based Amino Acids Analysis 950ml,United States,3,3822.00-3050,WEB,Y,,2018-05-15,,,,,,,,,,,,,,,,,
,569,2018-05-10,241805104121,승인,영인크로매스 주식회사<(주)영린기기>,김규현,김규현,Thiofluor 10g,Thiofluor 10g,United States,0.4,3822.00-3050,WEB,Y,,2018-05-10,,,,,,,,,,,,,,,,,
,570,2018-05-10,241805104334,승인,영인크로매스 주식회사<(주)영린기기>,김규현,김규현,Hydrolysis Reagent for Post-column Carbamate Pesticides Analysis 950ml,Hydrolysis Reagent for Post-column Carbamate Pesticides Analysis 950ml,United States,600,3822.00-3050,WEB,Y,,2018-05-10,,,,,,,,O,,,,,,,,,
,571,2018-05-10,241805104373,승인,영인크로매스 주식회사<(주)영린기기>,김규현,김규현,OPA Diluent for Post-column Carbamate Pesticides Analysis 950ml,OPA Diluent for Post-column Carbamate Pesticides Analysis 950ml,United States,600,3822.00-3050,WEB,Y,,2018-05-10,,,,,,,,,,,,,,,,,
,572,2018-05-10,241805104454,승인,영인크로매스 주식회사<(주)영린기기>,김규현,김규현,o-Phthalaldehyde (OPA) 5g,o-Phthalaldehyde (OPA) 5g,United States,0.1,3822.00-3050,WEB,Y,,2018-05-10,,,,,,,,,,,,,,,,,
20001.566,,,C2510-125740,승인,영인과학(주),,,20001.566_00.02.614 till 00.02.617_FAME in AVTUR QC,20001.566_00.02.614 till 00.02.617_FAME in AVTUR QC,NL,1,38221930,,,,,,,,,,,,,,,,,,,,,
20001.567,,,C2510-120993,승인,영인과학(주),,,20001.567_Fame in AVTUR QC - AC Sample 00.02.614 till 00.02.617,20001.567_Fame in AVTUR QC - AC Sample 00.02.614 till 00.02.617,NL,1,38221930,,,,,,,,,,,,,,,,,,,,,